"","Gene"
"1","0610009B22Rik"
"6","0610030E20Rik"
"7","0610030E20Rik"
"10","0610037L13Rik"
"11","0610037L13Rik"
"20","1110012L19Rik"
"23","1110038F14Rik"
"26","1110059E24Rik"
"27","1110059G10Rik"
"28","1110059G10Rik"
"34","1500011B03Rik"
"36","1600012H06Rik"
"37","1600012H06Rik"
"46","1700030K09Rik"
"50","1700123O20Rik"
"51","1810009A15Rik"
"52","1810013L24Rik"
"55","1810030O07Rik"
"67","2210016L21Rik"
"70","2210408I21Rik"
"74","2310011J03Rik"
"77","2310022B05Rik"
"78","2310033P09Rik"
"87","2410131K14Rik"
"91","2610001J05Rik"
"92","2610001J05Rik"
"97","2610002M06Rik"
"101","2610507B11Rik"
"104","2810004N23Rik"
"105","2810006K23Rik"
"109","3110040N11Rik"
"111","3830406C13Rik"
"115","4833420G17Rik"
"116","4833439L19Rik"
"125","4930453N24Rik"
"133","4931414P19Rik"
"137","4933434E20Rik"
"138","4933434E20Rik"
"139","4933434E20Rik"
"140","4933434E20Rik"
"160","5730455P16Rik"
"161","6030458C11Rik"
"170","9130401M01Rik"
"173","9930021J03Rik"
"174","9930021J03Rik"
"181","A430005L14Rik"
"188","Aagab"
"190","Aak1"
"192","Aamp"
"193","Aamp"
"196","Aar2"
"198","Aars"
"199","Aars2"
"200","Aarsd1"
"202","Aasdhppt"
"204","Aatf"
"222","Abcb6"
"223","Abcb7"
"245","Abcd4"
"246","Abce1"
"247","Abcf1"
"248","Abcf2"
"250","Abcf3"
"254","Abhd10"
"256","Abhd11"
"257","Abhd11"
"267","Abhd16a"
"270","Abhd17c"
"285","Abl1"
"290","Abl2"
"310","Abtb1"
"317","Acad8"
"318","Acad9"
"326","Acap2"
"329","Acbd3"
"331","Acbd6"
"332","Acbd6"
"333","Acbd6"
"338","Acd"
"345","Acer3"
"346","Acin1"
"354","Aco1"
"363","Acot8"
"376","Acp6"
"389","Actl6a"
"397","Actr10"
"398","Actr1a"
"399","Actr1b"
"400","Actr2"
"404","Actr6"
"405","Actr8"
"464","Adat2"
"503","Adh5"
"510","Adipor2"
"513","Adk"
"517","Adnp2"
"527","Adprh"
"528","Adprhl2"
"529","Adprm"
"535","Adrm1"
"536","Adsl"
"537","Adsl"
"546","Aebp2"
"547","Aebp2"
"550","Aen"
"561","Afg3l1"
"570","Agap3"
"571","Agap3"
"582","Aggf1"
"583","Agl"
"589","Ago2"
"599","Agpat5"
"600","Agpat5"
"603","Agps"
"613","Ahctf1"
"614","Ahctf1"
"623","Ahsa1"
"632","AI597479"
"636","Aida"
"637","Aida"
"644","Aimp1"
"645","Aimp2"
"647","Aip"
"648","Aip"
"649","Aip"
"650","Aip"
"665","Ak2"
"666","Ak2"
"669","Ak3"
"670","Ak3"
"679","Akap11"
"680","Akap11"
"693","Akap8"
"694","Akap8l"
"698","Akirin1"
"699","Akirin2"
"707","Akt1"
"717","Akt3"
"733","Aldh16a1"
"747","Aldh4a1"
"753","Aldh9a1"
"761","Alg13"
"763","Alg2"
"764","Alg3"
"765","Alg5"
"766","Alg6"
"771","Alkbh4"
"773","Alkbh5"
"788","Alyref"
"792","Amfr"
"805","Amz2"
"806","Amz2"
"811","Anapc1"
"812","Anapc11"
"813","Anapc11"
"818","Anapc16"
"819","Anapc16"
"822","Anapc2"
"824","Anapc5"
"825","Anapc5"
"826","Anapc5"
"833","Anapc7"
"846","Ankfy1"
"849","Ankib1"
"853","Ankle2"
"855","Ankmy2"
"859","Ankrd10"
"864","Ankrd13c"
"867","Ankrd17"
"868","Ankrd17"
"883","Ankrd40"
"888","Ankrd52"
"889","Ankrd54"
"895","Anks1"
"896","Anks1"
"901","Anks3"
"902","Ankzf1"
"906","Anp32a"
"907","Anp32a"
"908","Anp32a"
"909","Anp32a"
"918","Anp32b"
"919","Anp32e"
"920","Anp32e"
"951","Ap1g1"
"953","Ap1m1"
"961","Ap2b1"
"963","Ap2m1"
"964","Ap2m1"
"968","Ap3b1"
"969","Ap3d1"
"970","Ap3m1"
"975","Ap3s2"
"977","Ap4e1"
"978","Ap4m1"
"979","Ap4s1"
"981","Ap5m1"
"987","Apba3"
"998","Apeh"
"1002","Aph1a"
"1003","Aph1a"
"1008","Api5"
"1010","Apip"
"1015","Apmap"
"1030","Apopt1"
"1031","Apopt1"
"1035","Appbp2"
"1036","Appl1"
"1044","Aqr"
"1045","Araf"
"1053","Arcn1"
"1056","Arf1"
"1059","Arf4"
"1060","Arf4"
"1063","Arfgap1"
"1066","Arfgap2"
"1067","Arfgap2"
"1070","Arfgap3"
"1073","Arfgef1"
"1074","Arfgef2"
"1075","Arfip1"
"1078","Arfrp1"
"1079","Arfrp1"
"1086","Arhgap1"
"1168","Arid1b"
"1170","Arid2"
"1174","Arih1"
"1176","Arih2"
"1179","Arl1"
"1182","Arl14ep"
"1190","Arl3"
"1196","Arl6ip1"
"1197","Arl6ip4"
"1202","Arl8b"
"1204","Armc1"
"1211","Armcx3"
"1212","Armcx3"
"1220","Armcx5"
"1224","Arnt"
"1229","Arpc2"
"1230","Arpc2"
"1237","Arpc5"
"1239","Arpp19"
"1247","Arrdc2"
"1250","Arsa"
"1266","Arv1"
"1272","Asap1"
"1273","Asap1"
"1297","Asb8"
"1302","Ascc2"
"1303","Ascc2"
"1306","Ascc3"
"1307","Asf1a"
"1310","Ash2l"
"1313","Asna1"
"1314","Asnsd1"
"1330","Asxl1"
"1331","Asxl2"
"1332","Asxl2"
"1336","Atad1"
"1339","Atad3a"
"1342","Atf1"
"1349","Atf6"
"1350","Atf6b"
"1351","Atf7ip"
"1353","Atg101"
"1354","Atg12"
"1355","Atg13"
"1357","Atg14"
"1358","Atg16l1"
"1359","Atg16l2"
"1361","Atg2a"
"1362","Atg2a"
"1363","Atg2a"
"1373","Atg2b"
"1374","Atg3"
"1375","Atg4a"
"1376","Atg4b"
"1378","Atg4d"
"1379","Atg5"
"1381","Atg7"
"1384","Atg9a"
"1385","Atg9a"
"1390","Atic"
"1394","Atl3"
"1396","Atmin"
"1410","Atp13a1"
"1420","Atp1b3"
"1435","Atp5c1"
"1443","Atp5g1"
"1444","Atp5g1"
"1450","Atp5g3"
"1451","Atp5g3"
"1461","Atp5j"
"1474","Atp6ap2"
"1482","Atp6v0e"
"1483","Atp6v0e"
"1493","Atp6v1d"
"1497","Atp6v1h"
"1498","Atp6v1h"
"1511","Atp9b"
"1512","Atpaf1"
"1513","Atpaf1"
"1518","Atr"
"1529","Atxn10"
"1530","Atxn1l"
"1531","Atxn2"
"1532","Atxn2"
"1537","Atxn2l"
"1538","Atxn2l"
"1539","Atxn2l"
"1546","Atxn3"
"1548","Atxn7l1"
"1549","Atxn7l1"
"1557","AU022252"
"1558","AU040320"
"1560","Auh"
"1561","Auh"
"1572","Aven"
"1573","Avl9"
"1575","AW209491"
"1577","AW549877"
"1579","Axin1"
"1584","Azi2"
"1585","Azi2"
"1599","B230219D22Rik"
"1609","B3gntl1"
"1619","B4galt7"
"1622","B9d2"
"1623","Babam1"
"1628","Bad"
"1629","Bad"
"1630","Bad"
"1634","Bag1"
"1638","Bag4"
"1639","Bag5"
"1640","Bag6"
"1641","Bag6"
"1648","Banf1"
"1653","Bap1"
"1657","Baz1b"
"1658","Baz2a"
"1659","Baz2a"
"1662","Baz2b"
"1664","Bbip1"
"1666","Bbs1"
"1668","Bbs4"
"1671","Bbx"
"1673","BC003965"
"1674","BC004004"
"1675","BC004004"
"1680","BC005624"
"1681","BC024978"
"1682","BC024978"
"1685","BC029722"
"1686","BC031181"
"1692","Bcap29"
"1693","Bcap31"
"1698","Bcas3"
"1704","Bccip"
"1705","Bcdin3d"
"1710","Bckdk"
"1711","Bckdk"
"1723","Bcl2l13"
"1730","Bcl7b"
"1739","Bcs1l"
"1748","Bet1l"
"1749","Bfar"
"1768","Blmh"
"1769","Bloc1s1"
"1770","Bloc1s2"
"1771","Bloc1s3"
"1773","Bloc1s5"
"1777","Blzf1"
"1778","Blzf1"
"1787","Bmi1"
"1813","Bnip3l"
"1815","Bod1"
"1824","Bop1"
"1827","Borcs7"
"1829","Bphl"
"1830","Bpnt1"
"1832","Bptf"
"1833","Bptf"
"1838","Braf"
"1840","Brap"
"1842","Brcc3"
"1843","Brcc3"
"1850","Brd1"
"1852","Brd2"
"1853","Brd2"
"1858","Brd3"
"1859","Brd4"
"1860","Brd4"
"1865","Brd7"
"1867","Brd9"
"1868","Brf1"
"1873","Brix1"
"1874","Brk1"
"1875","Brms1"
"1876","Brms1l"
"1887","Bsdc1"
"1892","Btaf1"
"1893","Btbd1"
"1897","Btbd2"
"1903","Btbd9"
"1906","Btd"
"1907","Btf3"
"1908","Btf3l4"
"1909","Btf3l4"
"1920","Bub3"
"1921","Bub3"
"1925","Bud31"
"1926","Bud31"
"1928","Bysl"
"1929","Bzw1"
"1930","Bzw2"
"1932","C1d"
"1935","C1galt1c1"
"1938","C1qbp"
"1949","C2cd2"
"1950","C2cd2l"
"1952","C2cd3"
"1956","C330007P06Rik"
"1960","C87436"
"1964","Caap1"
"1965","Cab39"
"1968","Cab39l"
"1971","Cabin1"
"1973","Cables2"
"1974","Cacfd1"
"1989","Cactin"
"1991","Cacybp"
"2002","Calm1"
"2005","Calr"
"2007","Calu"
"2022","Camk2g"
"2023","Camk2g"
"2030","Camkk2"
"2043","Cand1"
"2045","Cant1"
"2048","Canx"
"2049","Canx"
"2066","Capn10"
"2067","Capn10"
"2073","Capn7"
"2078","Caprin1"
"2079","Caprin1"
"2080","Caprin1"
"2098","Capza2"
"2115","Carf"
"2118","Carm1"
"2122","Cars"
"2125","Casc3"
"2126","Casc3"
"2129","Casd1"
"2134","Casp2"
"2153","Cbfa2t2"
"2158","Cbll1"
"2163","Cbx1"
"2164","Cbx1"
"2168","Cbx4"
"2174","Cby1"
"2185","Ccar2"
"2186","Ccdc107"
"2187","Ccdc107"
"2188","Ccdc115"
"2189","Ccdc117"
"2191","Ccdc124"
"2193","Ccdc127"
"2197","Ccdc134"
"2199","Ccdc137"
"2209","Ccdc174"
"2211","Ccdc186"
"2214","Ccdc22"
"2215","Ccdc25"
"2218","Ccdc32"
"2219","Ccdc34"
"2221","Ccdc43"
"2222","Ccdc47"
"2225","Ccdc50"
"2227","Ccdc51"
"2231","Ccdc6"
"2235","Ccdc71"
"2236","Ccdc71l"
"2244","Ccdc84"
"2254","Ccdc90b"
"2255","Ccdc91"
"2258","Ccdc97"
"2262","Ccm2"
"2263","Ccm2"
"2273","Ccnh"
"2274","Ccnh"
"2275","Ccnh"
"2282","Ccni"
"2285","Ccnk"
"2287","Ccnt2"
"2288","Ccny"
"2293","Ccpg1"
"2294","Ccpg1"
"2308","Ccs"
"2312","Cct2"
"2313","Cct3"
"2314","Cct4"
"2316","Cct5"
"2317","Cct7"
"2318","Cct7"
"2321","Cct8"
"2322","Ccz1"
"2336","Cd2bp2"
"2358","Cd3eap"
"2364","Cd47"
"2365","Cd47"
"2384","Cdadc1"
"2385","Cdadc1"
"2390","Cdan1"
"2391","Cdc123"
"2394","Cdc16"
"2396","Cdc23"
"2397","Cdc23"
"2400","Cdc25a"
"2401","Cdc26"
"2404","Cdc34"
"2407","Cdc37"
"2408","Cdc37l1"
"2409","Cdc40"
"2410","Cdc42"
"2418","Cdc42bpg"
"2419","Cdc42bpg"
"2426","Cdc42se1"
"2428","Cdc42se2"
"2429","Cdc5l"
"2430","Cdc73"
"2443","Cdip1"
"2452","Cdk10"
"2453","Cdk11b"
"2458","Cdk12"
"2460","Cdk13"
"2461","Cdk16"
"2473","Cdk4"
"2474","Cdk4"
"2479","Cdk5"
"2480","Cdk5"
"2484","Cdk5rap3"
"2488","Cdk7"
"2490","Cdk9"
"2491","Cdkal1"
"2494","Cdkn1b"
"2495","Cdkn1b"
"2503","Cdkn2aip"
"2527","Cebpg"
"2528","Cebpz"
"2529","Cebpzos"
"2554","Cep104"
"2555","Cep120"
"2559","Cep152"
"2569","Cep350"
"2571","Cep44"
"2573","Cep63"
"2574","Cep63"
"2577","Cep68"
"2578","Cep68"
"2581","Cep76"
"2582","Cep78"
"2587","Cep95"
"2596","Cers5"
"2601","Cetn2"
"2602","Cetn2"
"2605","Cetn3"
"2606","Cfap20"
"2610","Cfdp1"
"2611","Cfl1"
"2612","Cfl1"
"2621","Cggbp1"
"2625","Cgrrf1"
"2630","Chchd1"
"2637","Chchd5"
"2646","Chd1l"
"2649","Chd4"
"2653","Chd6"
"2658","Cherp"
"2669","Chmp2a"
"2671","Chmp2b"
"2672","Chmp3"
"2674","Chmp4b"
"2677","Chmp6"
"2678","Chmp7"
"2682","Chordc1"
"2683","Chp1"
"2690","Chrac1"
"2703","Chtop"
"2704","Chtop"
"2713","Chuk"
"2715","Churc1"
"2716","Ciao1"
"2717","Ciao1"
"2731","Cinp"
"2732","Cipc"
"2733","Cipc"
"2740","Cir1"
"2743","Cisd2"
"2759","Cklf"
"2772","Clcc1"
"2778","Clcn4"
"2785","Cldnd1"
"2798","Clint1"
"2813","Clk3"
"2816","Cln6"
"2818","Clns1a"
"2819","Clock"
"2826","Clpp"
"2827","Clptm1"
"2828","Clptm1l"
"2837","Cltc"
"2838","Cltc"
"2839","Cltc"
"2851","Cluap1"
"2855","Cmas"
"2857","Cmc1"
"2858","Cmc2"
"2863","Cmpk1"
"2865","Cmss1"
"2871","Cmtr1"
"2874","Cnbp"
"2875","Cnbp"
"2876","Cnbp"
"2889","Cndp2"
"2891","Cnep1r1"
"2893","Cnih1"
"2894","Cnih4"
"2902","Cnnm4"
"2903","Cnot1"
"2904","Cnot1"
"2907","Cnot10"
"2908","Cnot11"
"2915","Cnot6l"
"2920","Cnot8"
"2922","Cnot9"
"2925","Cnppd1"
"2926","Cnppd1"
"2927","Cnppd1"
"2935","Cnpy4"
"2936","Cnst"
"2941","Coa3"
"2944","Coa5"
"2945","Coa6"
"2946","Coa7"
"2947","Coasy"
"2953","Cog1"
"2954","Cog2"
"2955","Cog3"
"2956","Cog4"
"2957","Cog5"
"2959","Cog7"
"2960","Cog8"
"2961","Cog8"
"2964","Coil"
"2982","Col4a3bp"
"2983","Col4a3bp"
"3001","Commd10"
"3002","Commd2"
"3003","Commd3"
"3004","Commd4"
"3005","Commd5"
"3007","Commd7"
"3008","Commd7"
"3011","Commd8"
"3016","Comt"
"3017","Comt"
"3018","Comt"
"3019","Comt"
"3036","Copa"
"3038","Copb1"
"3039","Copb2"
"3040","Cope"
"3041","Copg1"
"3042","Copg2"
"3049","Cops3"
"3050","Cops4"
"3052","Cops5"
"3054","Cops6"
"3055","Cops6"
"3058","Cops7a"
"3062","Cops8"
"3064","Copz1"
"3068","Coq2"
"3070","Coq3"
"3073","Coq5"
"3092","Cox11"
"3093","Cox14"
"3094","Cox15"
"3095","Cox16"
"3098","Cox17"
"3100","Cox19"
"3101","Cox20"
"3146","Cpsf1"
"3147","Cpsf2"
"3148","Cpsf3"
"3151","Cpsf6"
"3152","Cpsf6"
"3153","Cpsf6"
"3160","Cpsf7"
"3162","Cpt1a"
"3170","Cptp"
"3172","Cr1l"
"3173","Cr1l"
"3174","Cr1l"
"3191","Cramp1l"
"3195","Crbn"
"3197","Crcp"
"3198","Creb1"
"3204","Crebbp"
"3205","Crebl2"
"3207","Crebzf"
"3211","Creld2"
"3218","Cript"
"3221","Crk"
"3222","Crk"
"3225","Crkl"
"3230","Crnkl1"
"3231","Crot"
"3235","Crtc3"
"3236","Cry1"
"3249","Cryzl1"
"3250","Cryzl1"
"3251","Cryzl1"
"3267","Cse1l"
"3277","Csnk1a1"
"3278","Csnk1a1"
"3285","Csnk1d"
"3286","Csnk1d"
"3295","Csnk1g1"
"3296","Csnk1g2"
"3297","Csnk1g2"
"3300","Csnk1g3"
"3301","Csnk2a1"
"3302","Csnk2a2"
"3303","Csnk2b"
"3316","Cstf1"
"3317","Cstf2"
"3319","Cstf2t"
"3320","Cstf3"
"3321","Ctbp1"
"3322","Ctbp1"
"3323","Ctbp1"
"3341","Ctcf"
"3343","Ctdnep1"
"3344","Ctdp1"
"3361","Ctnnb1"
"3365","Ctnnbl1"
"3366","Ctns"
"3369","Ctps2"
"3370","Ctr9"
"3388","Ctu2"
"3394","Cuedc2"
"3395","Cuedc2"
"3402","Cul1"
"3406","Cul3"
"3407","Cul3"
"3411","Cul4b"
"3418","Cuta"
"3419","Cuta"
"3423","Cux1"
"3427","Cwc15"
"3430","Cwf19l1"
"3431","Cwf19l2"
"3442","Cxxc1"
"3450","Cyb561d2"
"3452","Cyb5b"
"3459","Cyb5r4"
"3471","Cyhr1"
"3472","Cyhr1"
"3492","Cyth2"
"3496","D030056L22Rik"
"3497","D030056L22Rik"
"3504","D17Wsu92e"
"3505","D17Wsu92e"
"3508","D1Ertd622e"
"3509","D1Ertd622e"
"3512","D230025D16Rik"
"3513","D2hgdh"
"3517","D5Ertd579e"
"3518","D5Ertd579e"
"3539","Dad1"
"3548","Dalrd3"
"3551","Dap3"
"3552","Dap3"
"3553","Dap3"
"3567","Dars"
"3569","Dazap1"
"3570","Dazap1"
"3573","Dazap2"
"3579","Dbnl"
"3580","Dbnl"
"3585","Dbr1"
"3591","Dcaf12"
"3592","Dcaf13"
"3593","Dcaf13"
"3596","Dcaf15"
"3600","Dcaf5"
"3602","Dcaf7"
"3603","Dcaf8"
"3604","Dcaf8"
"3609","Dcakd"
"3624","Dcp1a"
"3625","Dcp2"
"3629","Dctn2"
"3632","Dctn3"
"3633","Dctn4"
"3635","Dctn5"
"3637","Dctpp1"
"3643","Dcun1d3"
"3651","Ddb1"
"3655","Ddhd2"
"3662","Ddost"
"3669","Ddx1"
"3670","Ddx10"
"3671","Ddx17"
"3672","Ddx18"
"3673","Ddx19a"
"3674","Ddx19b"
"3676","Ddx20"
"3677","Ddx21"
"3678","Ddx23"
"3679","Ddx24"
"3683","Ddx27"
"3684","Ddx28"
"3685","Ddx31"
"3689","Ddx39b"
"3691","Ddx41"
"3692","Ddx42"
"3693","Ddx46"
"3694","Ddx46"
"3695","Ddx47"
"3696","Ddx47"
"3700","Ddx5"
"3706","Ddx51"
"3707","Ddx52"
"3708","Ddx54"
"3710","Ddx56"
"3712","Ddx6"
"3716","Deaf1"
"3721","Decr2"
"3722","Dedd"
"3742","Dennd6a"
"3744","Denr"
"3745","Denr"
"3752","Derl1"
"3753","Derl2"
"3754","Derl2"
"3763","Desi2"
"3767","Dffa"
"3768","Dffa"
"3771","Dffb"
"3777","Dgcr8"
"3789","Dguok"
"3792","Dhdds"
"3799","Dhps"
"3800","Dhrs1"
"3804","Dhrs7"
"3805","Dhrs7b"
"3806","Dhrs7b"
"3810","Dhx15"
"3811","Dhx16"
"3812","Dhx29"
"3818","Dhx33"
"3819","Dhx34"
"3821","Dhx37"
"3822","Dhx38"
"3823","Dhx40"
"3825","Dhx8"
"3827","Diablo"
"3831","Dicer1"
"3832","Dido1"
"3833","Dido1"
"3836","Dimt1"
"3843","Dis3"
"3866","Dmap1"
"3873","Dmxl1"
"3876","Dnaaf2"
"3878","Dnaaf5"
"3879","Dnaja1"
"3881","Dnaja2"
"3882","Dnaja3"
"3887","Dnajb11"
"3888","Dnajb12"
"3896","Dnajb6"
"3897","Dnajb6"
"3903","Dnajc1"
"3904","Dnajc1"
"3908","Dnajc11"
"3910","Dnajc13"
"3913","Dnajc14"
"3916","Dnajc16"
"3917","Dnajc17"
"3918","Dnajc18"
"3923","Dnajc24"
"3926","Dnajc27"
"3929","Dnajc3"
"3930","Dnajc30"
"3931","Dnajc4"
"3932","Dnajc4"
"3935","Dnajc5"
"3938","Dnajc7"
"3939","Dnajc8"
"3941","Dnajc9"
"3942","Dnal1"
"3949","Dnlz"
"3961","Dnmt1"
"3966","Dnpep"
"3967","Dnpep"
"3968","Dnpep"
"3978","Dnttip1"
"3979","Dnttip2"
"3999","Dolk"
"4001","Dot1l"
"4002","Dpagt1"
"4008","Dph3"
"4009","Dph5"
"4011","Dph7"
"4013","Dpm2"
"4014","Dpm2"
"4019","Dpp3"
"4023","Dpp8"
"4025","Dpp9"
"4031","Dpy30"
"4036","Dr1"
"4046","Drg1"
"4047","Drg2"
"4048","Drosha"
"4064","Dtd2"
"4074","Dtx3"
"4075","Dtx3"
"4080","Dtymk"
"4081","Dtymk"
"4087","Dus3l"
"4091","Dusp11"
"4114","Dym"
"4115","Dync1h1"
"4116","Dync1i2"
"4117","Dync1i2"
"4120","Dync1li1"
"4129","Dynlrb1"
"4148","E2f3"
"4149","E2f4"
"4155","E4f1"
"4158","Eaf1"
"4159","Eapp"
"4160","Eapp"
"4161","Eapp"
"4169","Ebag9"
"4174","Ebna1bp2"
"4177","Ecd"
"4186","Eci2"
"4187","Eci2"
"4205","Edc3"
"4206","Edc4"
"4207","Edc4"
"4212","Edem3"
"4217","Edrf1"
"4219","Eed"
"4221","Eef1akmt1"
"4224","Eef1d"
"4225","Eef1d"
"4226","Eef1d"
"4242","Eef1e1"
"4247","Eef2kmt"
"4249","Eefsec"
"4262","Efr3a"
"4277","Egln2"
"4293","Ehmt2"
"4294","Ehmt2"
"4299","Ei24"
"4303","Eid2b"
"4306","Eif1a"
"4308","Eif1ad"
"4309","Eif1ax"
"4310","Eif1b"
"4312","Eif2ak1"
"4314","Eif2ak3"
"4316","Eif2b1"
"4317","Eif2b2"
"4321","Eif2b5"
"4322","Eif2d"
"4323","Eif2d"
"4326","Eif2s1"
"4327","Eif2s2"
"4328","Eif2s2"
"4329","Eif3a"
"4330","Eif3b"
"4331","Eif3b"
"4332","Eif3c"
"4333","Eif3d"
"4334","Eif3e"
"4336","Eif3g"
"4338","Eif3i"
"4340","Eif3k"
"4342","Eif3l"
"4343","Eif3m"
"4344","Eif4a1"
"4346","Eif4a2"
"4348","Eif4a3"
"4349","Eif4b"
"4350","Eif4e"
"4351","Eif4e"
"4356","Eif4e2"
"4357","Eif4e2"
"4358","Eif4e2"
"4359","Eif4e2"
"4375","Eif4enif1"
"4382","Eif4g2"
"4383","Eif4g2"
"4390","Eif4h"
"4391","Eif4h"
"4394","Eif5"
"4397","Eif5a"
"4398","Eif5a"
"4399","Eif5a"
"4415","Eif5b"
"4416","Eif6"
"4417","Eif6"
"4418","Elac1"
"4421","Elavl1"
"4422","Elavl1"
"4434","Elk1"
"4437","Ell"
"4443","Elmod2"
"4449","Elof1"
"4453","Elovl5"
"4455","Elp2"
"4456","Elp3"
"4458","Elp5"
"4462","Emc10"
"4463","Emc10"
"4466","Emc2"
"4467","Emc3"
"4468","Emc4"
"4469","Emc6"
"4470","Emc7"
"4471","Emc8"
"4472","Emc8"
"4479","Emd"
"4480","Emd"
"4481","Eme2"
"4482","Emg1"
"4492","Eml3"
"4500","Emsy"
"4501","Emsy"
"4534","Ensa"
"4535","Ensa"
"4543","Entpd6"
"4545","Eny2"
"4547","Ep300"
"4560","Epc1"
"4565","Epg5"
"4577","Epn1"
"4578","Epn1"
"4587","Eps15l1"
"4590","Eral1"
"4603","Ercc3"
"4605","Ercc5"
"4612","Ergic1"
"4613","Ergic2"
"4614","Ergic2"
"4621","Ergic3"
"4623","Erh"
"4624","Erh"
"4627","Eri1"
"4630","Eri3"
"4635","Erich1"
"4636","Erlec1"
"4638","Erlin2"
"4639","Ermard"
"4640","Ermp1"
"4644","Erp29"
"4645","Erp29"
"4648","Erp44"
"4666","Etf1"
"4696","Ewsr1"
"4701","Exd2"
"4702","Exoc1"
"4704","Exoc2"
"4705","Exoc3"
"4708","Exoc4"
"4709","Exoc5"
"4713","Exoc7"
"4717","Exoc8"
"4720","Exosc1"
"4726","Exosc2"
"4727","Exosc4"
"4729","Exosc7"
"4732","Exosc9"
"4734","Ext2"
"4737","Extl2"
"4753","Faap20"
"4754","Faap20"
"4762","Fadd"
"4766","Faf1"
"4767","Faf2"
"4768","Faf2"
"4774","Fam104a"
"4782","Fam114a2"
"4785","Fam117b"
"4789","Fam120a"
"4790","Fam120b"
"4793","Fam122a"
"4795","Fam126a"
"4802","Fam133b"
"4805","Fam136a"
"4808","Fam13b"
"4813","Fam149b"
"4814","Fam149b"
"4824","Fam160b1"
"4825","Fam160b2"
"4829","Fam168a"
"4832","Fam168b"
"4833","Fam168b"
"4842","Fam173b"
"4848","Fam192a"
"4849","Fam193a"
"4850","Fam193b"
"4856","Fam204a"
"4857","Fam206a"
"4858","Fam207a"
"4863","Fam20b"
"4864","Fam20b"
"4889","Fam219b"
"4890","Fam219b"
"4901","Fam32a"
"4907","Fam45a"
"4908","Fam45a"
"4913","Fam49b"
"4914","Fam49b"
"4925","Fam50a"
"4926","Fam53a"
"4927","Fam53a"
"4941","Fam69a"
"4943","Fam76a"
"4944","Fam76b"
"4951","Fam91a1"
"4953","Fam98a"
"4954","Fam98b"
"4961","Far1"
"4968","Fars2"
"4975","Fastk"
"4978","Fastkd3"
"4984","Fbf1"
"4985","Fbl"
"5001","Fbxl14"
"5004","Fbxl17"
"5006","Fbxl18"
"5010","Fbxl3"
"5011","Fbxl3"
"5022","Fbxl4"
"5025","Fbxl6"
"5028","Fbxo11"
"5034","Fbxo25"
"5035","Fbxo28"
"5036","Fbxo3"
"5044","Fbxo38"
"5046","Fbxo4"
"5048","Fbxo42"
"5050","Fbxo45"
"5051","Fbxo46"
"5056","Fbxo7"
"5070","Fbxw4"
"5071","Fbxw5"
"5073","Fbxw7"
"5075","Fbxw8"
"5076","Fbxw9"
"5078","Fcf1"
"5093","Fdxacb1"
"5095","Fech"
"5096","Fem1b"
"5097","Fem1c"
"5123","Fgfr1op"
"5124","Fgfr1op2"
"5125","Fgfr1op2"
"5126","Fgfr1op2"
"5149","Fibp"
"5150","Ficd"
"5151","Fig4"
"5158","Fip1l1"
"5159","Fip1l1"
"5162","Fis1"
"5164","Fiz1"
"5168","Fkbp15"
"5176","Fkbp2"
"5177","Fkbp2"
"5181","Fkbp4"
"5186","Fkbp8"
"5187","Fkbp8"
"5188","Fkbp8"
"5196","Fkbpl"
"5197","Fkrp"
"5204","Flcn"
"5205","Flcn"
"5211","Flii"
"5220","Flot1"
"5268","Fnip1"
"5275","Fopnl"
"5282","Foxj3"
"5283","Foxj3"
"5286","Foxk1"
"5287","Foxk2"
"5288","Foxn2"
"5293","Foxo3"
"5310","Frg1"
"5325","Frs2"
"5328","Fryl"
"5341","Fto"
"5342","Ftsj1"
"5343","Ftsj1"
"5344","Ftsj3"
"5355","Fubp3"
"5359","Fuca2"
"5360","Fuca2"
"5363","Fundc1"
"5364","Fundc2"
"5370","Fus"
"5371","Fus"
"5372","Fus"
"5373","Fus"
"5388","Fut11"
"5395","Fxr1"
"5398","Fxr2"
"5416","Fyttd1"
"5427","Fzr1"
"5430","G3bp1"
"5431","G3bp2"
"5433","G6pc3"
"5434","G6pc3"
"5446","Gabarapl2"
"5448","Gabpa"
"5457","Gak"
"5480","Ganab"
"5483","Gapvd1"
"5484","Gapvd1"
"5491","Gars"
"5492","Gart"
"5498","Gas8"
"5504","Gatad1"
"5505","Gatad1"
"5508","Gatad2a"
"5510","Gatad2b"
"5511","Gatb"
"5513","Gatc"
"5518","Gbf1"
"5526","Gcc1"
"5529","Gcdh"
"5542","Gdap2"
"5546","Gdi2"
"5550","Gdpgp1"
"5553","Gemin5"
"5558","Get4"
"5566","Gfod2"
"5567","Gfpt1"
"5572","Gga1"
"5573","Gga2"
"5577","Ggcx"
"5578","Ggcx"
"5583","Ggnbp2"
"5584","Ggnbp2"
"5585","Ggnbp2"
"5602","Ghdc"
"5607","Gid4"
"5608","Gid8"
"5624","Gins4"
"5629","Git2"
"5647","Gle1"
"5661","Glrx2"
"5662","Glrx2"
"5663","Glrx2"
"5671","Gls"
"5672","Gls"
"5682","Glt8d1"
"5686","Glud1"
"5688","Glyr1"
"5689","Glyr1"
"5696","Gm17018"
"5702","Gm20604"
"5708","Gm29666"
"5722","Gmcl1"
"5725","Gmeb2"
"5726","Gmfb"
"5727","Gmfb"
"5731","Gmppa"
"5737","Gmpr2"
"5738","Gmps"
"5739","Gna11"
"5741","Gna13"
"5745","Gnai3"
"5754","Gnb1"
"5755","Gnb1"
"5756","Gnb1"
"5790","Gnl1"
"5791","Gnl2"
"5792","Gnl3"
"5794","Gnpat"
"5796","Gnpnat1"
"5798","Gnptg"
"5799","Gnptg"
"5807","Golga3"
"5810","Golga4"
"5819","Golph3"
"5821","Golt1b"
"5822","Gopc"
"5823","Gorab"
"5826","Gorasp2"
"5827","Gosr1"
"5829","Gosr2"
"5833","Got2"
"5836","Gpalpp1"
"5839","Gpatch1"
"5840","Gpatch11"
"5842","Gpatch2l"
"5844","Gpatch8"
"5845","Gpbp1"
"5847","Gpbp1l1"
"5861","Gpd1l"
"5864","Gphn"
"5865","Gpi1"
"5869","Gpkow"
"5872","Gpn1"
"5873","Gpn2"
"5874","Gpn3"
"5876","Gpr108"
"5888","Gpr180"
"5896","Gpr89"
"5903","Gps1"
"5904","Gps1"
"5919","Gpx4"
"5951","Grk6"
"5955","Grpel2"
"5956","Grsf1"
"5959","Grwd1"
"5966","Gsk3a"
"5967","Gsk3b"
"5968","Gskip"
"5974","Gspt1"
"5975","Gspt1"
"5976","Gspt1"
"5985","Gstcd"
"5993","Gsto1"
"5996","Gstz1"
"5998","Gtdc1"
"5999","Gtf2a1"
"6002","Gtf2b"
"6003","Gtf2e1"
"6005","Gtf2e2"
"6006","Gtf2e2"
"6009","Gtf2f1"
"6010","Gtf2f2"
"6011","Gtf2h1"
"6015","Gtf2h4"
"6016","Gtf2h5"
"6017","Gtf2h5"
"6020","Gtf2i"
"6023","Gtf3a"
"6024","Gtf3a"
"6027","Gtf3c1"
"6031","Gtf3c3"
"6033","Gtf3c5"
"6034","Gtf3c6"
"6035","Gtpbp1"
"6041","Gtpbp8"
"6047","Guk1"
"6052","Gxylt1"
"6057","Gzf1"
"6061","H13"
"6071","H2afv"
"6072","H2afv"
"6079","H3f3b"
"6086","Hacd3"
"6099","Hars"
"6100","Hars2"
"6102","Hat1"
"6110","Haus7"
"6113","Hax1"
"6116","Hbp1"
"6117","Hbp1"
"6122","Hbs1l"
"6123","Hccs"
"6126","Hcfc1"
"6130","Hcfc2"
"6131","Hcfc2"
"6137","Hdac1"
"6142","Hdac3"
"6143","Hdac4"
"6152","Hdac8"
"6157","Hdgf"
"6159","Hdhd2"
"6160","Hdhd2"
"6164","Hdlbp"
"6165","Hdlbp"
"6170","Heatr1"
"6172","Heatr5a"
"6173","Heatr5b"
"6174","Heatr6"
"6176","Heca"
"6179","Hectd3"
"6183","Helb"
"6185","Helq"
"6189","Hemk1"
"6191","Herc1"
"6192","Herc2"
"6194","Herc3"
"6195","Herc4"
"6200","Herpud2"
"6218","Hgs"
"6219","Hgs"
"6232","Hif1a"
"6235","Hif1an"
"6237","Higd1a"
"6241","Hinfp"
"6242","Hint1"
"6248","Hipk1"
"6254","Hira"
"6255","Hira"
"6261","Hist2h2be"
"6263","Hivep1"
"6268","Hk1"
"6269","Hk1"
"6275","Hlcs"
"6279","Hmbox1"
"6285","Hmg20a"
"6290","Hmgb1"
"6291","Hmgb1"
"6292","Hmgb1"
"6311","Hmgxb3"
"6313","Hmox2"
"6314","Hmox2"
"6315","Hmox2"
"6327","Hnrnpa1"
"6328","Hnrnpa1"
"6331","Hnrnpa2b1"
"6332","Hnrnpa2b1"
"6333","Hnrnpa2b1"
"6334","Hnrnpa2b1"
"6354","Hnrnpab"
"6355","Hnrnpab"
"6356","Hnrnpab"
"6363","Hnrnpc"
"6364","Hnrnpc"
"6373","Hnrnpd"
"6374","Hnrnpd"
"6375","Hnrnpd"
"6376","Hnrnpd"
"6389","Hnrnpdl"
"6390","Hnrnpdl"
"6399","Hnrnpk"
"6400","Hnrnpk"
"6401","Hnrnpk"
"6423","Hnrnpl"
"6424","Hnrnpl"
"6425","Hnrnpl"
"6436","Hnrnpm"
"6437","Hnrnpm"
"6442","Hnrnpu"
"6443","Hnrnpul1"
"6445","Hnrnpul2"
"6459","Hp1bp3"
"6469","Hps6"
"6471","Hras"
"6477","Hs2st1"
"6481","Hsbp1"
"6483","Hscb"
"6486","Hsd17b12"
"6487","Hsd17b4"
"6490","Hsdl1"
"6493","Hsf1"
"6494","Hsf2"
"6495","Hsp90ab1"
"6496","Hsp90b1"
"6501","Hspa13"
"6503","Hspa4"
"6506","Hspa5"
"6520","Hspd1"
"6522","Hspe1"
"6527","Htatsf1"
"6530","Htra2"
"6533","Htt"
"6546","Hyou1"
"6549","Iah1"
"6550","Iars"
"6551","Iars2"
"6554","Ibtk"
"6557","Ice1"
"6558","Ice2"
"6561","Icmt"
"6566","Ide"
"6579","Ier3ip1"
"6608","Ift172"
"6609","Ift20"
"6610","Ift20"
"6611","Ift27"
"6612","Ift46"
"6614","Ift52"
"6620","Igbp1"
"6633","Ighmbp2"
"6635","Ik"
"6638","Ikbkb"
"6675","Ilf2"
"6676","Ilf3"
"6677","Ilf3"
"6682","Ilkap"
"6684","Immp1l"
"6691","Imp4"
"6692","Impa1"
"6693","Impa1"
"6703","Ing1"
"6705","Ing2"
"6706","Ing3"
"6707","Ing3"
"6709","Ing5"
"6711","Inip"
"6712","Ino80"
"6714","Ino80c"
"6716","Inpp1"
"6721","Inpp5b"
"6730","Insig2"
"6732","Insr"
"6733","Ints1"
"6735","Ints10"
"6737","Ints12"
"6739","Ints3"
"6741","Ints4"
"6744","Ints9"
"6748","Invs"
"6751","Ip6k1"
"6752","Ip6k1"
"6758","Ipmk"
"6760","Ipo11"
"6765","Ipo5"
"6769","Ipo8"
"6770","Ipo9"
"6776","Ippk"
"6777","Iqcc"
"6778","Iqcc"
"6783","Iqsec1"
"6791","Irak1bp1"
"6793","Ireb2"
"6807","Irgq"
"6816","Isca2"
"6817","Iscu"
"6818","Iscu"
"6819","Iscu"
"6826","Isg20l2"
"6829","Isoc1"
"6832","Ist1"
"6835","Itch"
"6836","Itch"
"6839","Itfg1"
"6840","Itfg2"
"6872","Itpa"
"6888","Itsn2"
"6889","Ivd"
"6892","Iws1"
"6898","Jagn1"
"6899","Jagn1"
"6900","Jak1"
"6906","Jarid2"
"6911","Jkamp"
"6919","Jmjd8"
"6921","Josd1"
"6935","Jtb"
"6954","Kansl2"
"6955","Kansl2"
"6958","Kansl3"
"6959","Kansl3"
"6960","Kars"
"6961","Kars"
"6967","Kat2b"
"6969","Kat5"
"6975","Kat8"
"6979","Katnb1"
"6984","Kbtbd2"
"6987","Kbtbd4"
"6991","Kcmf1"
"6992","Kcmf1"
"7036","Kctd2"
"7037","Kctd20"
"7041","Kctd5"
"7047","Kdelr1"
"7050","Kdelr2"
"7052","Kdm1a"
"7054","Kdm2a"
"7057","Kdm3b"
"7058","Kdm4a"
"7059","Kdm4a"
"7060","Kdm4b"
"7064","Kdm5a"
"7067","Kdm5c"
"7070","Kdm6a"
"7073","Kdm8"
"7077","Keap1"
"7082","Khdrbs1"
"7086","Khsrp"
"7087","Kidins220"
"7089","Kif13a"
"7092","Kif16b"
"7096","Kif1bp"
"7109","Kif2a"
"7110","Kif2a"
"7156","Klf16"
"7161","Klf7"
"7164","Klhdc10"
"7165","Klhdc2"
"7166","Klhdc3"
"7168","Klhdc4"
"7179","Klhl20"
"7200","Klhl7"
"7204","Klhl9"
"7206","Kmt2b"
"7207","Kmt2b"
"7220","Knop1"
"7223","Kpna1"
"7224","Kpna3"
"7225","Kpna4"
"7226","Kpna4"
"7229","Kpna6"
"7231","Kras"
"7238","Krr1"
"7243","Ksr1"
"7249","Kxd1"
"7255","L3mbtl2"
"7258","Lactb"
"7259","Lactb2"
"7260","Lage3"
"7275","Lamp2"
"7276","Lamp2"
"7281","Lamtor1"
"7284","Lamtor3"
"7286","Lamtor5"
"7287","Lancl1"
"7288","Lancl1"
"7297","Larp1"
"7301","Larp4"
"7303","Larp4b"
"7305","Larp7"
"7306","Lars"
"7308","Las1l"
"7311","Lats1"
"7318","Lclat1"
"7322","Lcmt1"
"7333","Ldb1"
"7334","Ldb1"
"7335","Ldb1"
"7364","Lemd2"
"7365","Lemd3"
"7366","Leng1"
"7367","Leng8"
"7370","Leo1"
"7373","Leprotl1"
"7393","Lias"
"7419","Lin37"
"7421","Lin52"
"7423","Lin7c"
"7438","Llph"
"7439","Lman1"
"7440","Lman1"
"7443","Lman2"
"7453","Lmf2"
"7470","Lmtk2"
"7474","Lonp1"
"7475","Lonp2"
"7503","Lrch3"
"7508","Lrig2"
"7515","Lrp6"
"7516","Lrpap1"
"7517","Lrpap1"
"7520","Lrpprc"
"7540","Lrrc41"
"7542","Lrrc45"
"7548","Lrrc58"
"7549","Lrrc59"
"7569","Lsm1"
"7571","Lsm11"
"7572","Lsm12"
"7573","Lsm14a"
"7575","Lsm14b"
"7576","Lsm14b"
"7582","Lsm4"
"7583","Lsm5"
"7584","Lsm6"
"7585","Lsm6"
"7586","Lsm6"
"7595","Lsm8"
"7612","Ltn1"
"7613","Ltv1"
"7614","Luc7l"
"7615","Luc7l2"
"7616","Luc7l2"
"7623","Luc7l3"
"7624","Luc7l3"
"7625","Luc7l3"
"7658","Lyrm4"
"7667","Lzic"
"7668","Lztfl1"
"7669","Lztfl1"
"7676","Lztr1"
"7694","Maea"
"7701","Mafg"
"7720","Magoh"
"7723","Mak16"
"7726","Malsu1"
"7734","Man1a2"
"7735","Man1b1"
"7745","Manea"
"7754","Map2k1"
"7755","Map2k2"
"7756","Map2k2"
"7762","Map2k4"
"7768","Map2k5"
"7771","Map2k7"
"7773","Map3k10"
"7774","Map3k10"
"7780","Map3k2"
"7782","Map3k4"
"7803","Map4k4"
"7816","Mapk1"
"7817","Mapk1"
"7827","Mapk14"
"7832","Mapk1ip1l"
"7833","Mapk1ip1l"
"7836","Mapk6"
"7838","Mapk8"
"7841","Mapk8ip3"
"7842","Mapk8ip3"
"7845","Mapk9"
"7846","Mapk9"
"7858","Mapkbp1"
"7860","Mapre1"
"7861","Mapre2"
"7865","Marc2"
"7866","Marc2"
"7867","March2"
"7868","March2"
"7869","March2"
"7870","March2"
"7871","March2"
"7893","March5"
"7894","March6"
"7899","Marf1"
"7901","Mark2"
"7904","Mark3"
"7911","Mast2"
"7912","Mast2"
"7918","Mat2a"
"7919","Mat2a"
"7920","Mat2a"
"7921","Mat2a"
"7934","Mat2b"
"7935","Mat2b"
"7941","Mau2"
"7947","Max"
"7949","Maz"
"7950","Maz"
"7957","Mbd1"
"7958","Mbd2"
"7959","Mbd3"
"7960","Mbd3"
"7961","Mbd3"
"7965","Mbd5"
"7966","Mbd5"
"7973","Mbip"
"7975","Mbnl1"
"7976","Mbnl1"
"7991","Mboat7"
"7992","Mbtps1"
"7994","Mbtps2"
"7997","Mcat"
"7999","Mccc1"
"8000","Mccc2"
"8012","Mcm3ap"
"8019","Mcm9"
"8020","Mcmbp"
"8022","Mcoln1"
"8024","Mcrs1"
"8025","Mcts1"
"8027","Mcu"
"8028","Mcur1"
"8029","Mdc1"
"8031","Mdh1"
"8036","Mdm4"
"8039","Mdp1"
"8041","Me2"
"8042","Mea1"
"8043","Meaf6"
"8044","Meaf6"
"8048","Mecp2"
"8052","Med1"
"8055","Med10"
"8059","Med13"
"8060","Med13l"
"8069","Med17"
"8070","Med19"
"8072","Med21"
"8073","Med22"
"8076","Med24"
"8078","Med25"
"8079","Med25"
"8086","Med26"
"8088","Med28"
"8089","Med28"
"8092","Med30"
"8093","Med31"
"8094","Med4"
"8095","Med7"
"8098","Med9"
"8116","Mef2d"
"8117","Mef2d"
"8132","Memo1"
"8138","Mepce"
"8141","Metap1"
"8143","Metap2"
"8144","Metap2"
"8155","Mettl1"
"8156","Mettl14"
"8158","Mettl16"
"8163","Mettl21a"
"8169","Mettl6"
"8171","Mettl9"
"8173","Mex3c"
"8180","Mff"
"8181","Mff"
"8195","Mfn1"
"8196","Mfn1"
"8201","Mfn2"
"8208","Mfsd11"
"8210","Mfsd14a"
"8218","Mfsd8"
"8221","Mgat1"
"8222","Mgat1"
"8229","Mgat2"
"8232","Mgat5"
"8233","Mgea5"
"8242","Mgrn1"
"8250","Mib1"
"8251","Mib1"
"8269","Micu2"
"8280","Mief1"
"8296","Minpp1"
"8299","Mis12"
"8300","Mis18a"
"8304","Mkks"
"8305","Mkks"
"8312","Mkln1"
"8313","Mkln1"
"8320","Mkrn2"
"8322","Mlec"
"8325","Mlf2"
"8330","Mllt1"
"8337","Mlst8"
"8339","Mlx"
"8343","Mlycd"
"8346","Mmab"
"8348","Mmadhc"
"8353","Mmgt1"
"8367","Mob2"
"8372","Mob4"
"8377","Mocs3"
"8378","Mogs"
"8379","Mon1a"
"8380","Mon1a"
"8386","Morc2a"
"8391","Morf4l1"
"8392","Morf4l1"
"8399","Morf4l2"
"8414","Mpdu1"
"8421","Mphosph10"
"8422","Mphosph6"
"8427","Mpi"
"8428","Mplkip"
"8429","Mpnd"
"8442","Mpv17"
"8445","Mpv17l"
"8446","Mpv17l2"
"8454","Mre11a"
"8455","Mre11a"
"8464","Mrm1"
"8469","Mrpl10"
"8470","Mrpl11"
"8472","Mrpl13"
"8473","Mrpl14"
"8478","Mrpl17"
"8481","Mrpl18"
"8482","Mrpl19"
"8488","Mrpl22"
"8489","Mrpl24"
"8490","Mrpl24"
"8491","Mrpl24"
"8501","Mrpl27"
"8502","Mrpl28"
"8505","Mrpl30"
"8510","Mrpl35"
"8511","Mrpl36"
"8512","Mrpl37"
"8513","Mrpl38"
"8514","Mrpl39"
"8515","Mrpl4"
"8516","Mrpl40"
"8517","Mrpl40"
"8520","Mrpl41"
"8522","Mrpl43"
"8523","Mrpl44"
"8524","Mrpl45"
"8527","Mrpl49"
"8528","Mrpl50"
"8529","Mrpl51"
"8540","Mrpl57"
"8541","Mrpl9"
"8542","Mrps10"
"8543","Mrps10"
"8550","Mrps14"
"8551","Mrps15"
"8552","Mrps16"
"8553","Mrps17"
"8554","Mrps17"
"8555","Mrps17"
"8556","Mrps17"
"8574","Mrps18b"
"8576","Mrps2"
"8579","Mrps23"
"8580","Mrps23"
"8601","Mrps25"
"8603","Mrps27"
"8604","Mrps28"
"8605","Mrps30"
"8606","Mrps31"
"8607","Mrps33"
"8608","Mrps33"
"8616","Mrps5"
"8619","Mrps9"
"8620","Mrrf"
"8621","Mrs2"
"8622","Mrto4"
"8632","Msantd4"
"8637","Msl1"
"8638","Msl1"
"8641","Msl2"
"8642","Msl3"
"8664","Mta2"
"8665","Mta3"
"8666","Mta3"
"8671","Mtch1"
"8672","Mtch1"
"8677","Mtdh"
"8680","Mterf4"
"8681","Mtf1"
"8684","Mtfr1l"
"8685","Mtfr1l"
"8699","Mtif2"
"8703","Mtif3"
"8710","Mtmr1"
"8718","Mtmr14"
"8719","Mtmr14"
"8723","Mtmr3"
"8724","Mtmr3"
"8732","Mtmr6"
"8733","Mtmr9"
"8734","Mto1"
"8735","Mtor"
"8736","Mtpap"
"8737","Mtpn"
"8740","Mtrf1l"
"8763","Mut"
"8764","Mvb12a"
"8765","Mvb12b"
"8784","Mybbp1a"
"8790","Mycbp"
"8791","Mycbp2"
"8792","Mycbp2"
"8793","Mycbp2"
"8806","Mydgf"
"8870","Myo9b"
"8871","Myo9b"
"8884","Mzt1"
"8888","N4bp2l2"
"8895","Naa15"
"8896","Naa15"
"8900","Naa20"
"8904","Naa35"
"8906","Naa40"
"8907","Naa50"
"8908","Naa50"
"8916","Nab1"
"8917","Nab1"
"8923","Nabp2"
"8924","Naca"
"8928","Nadk"
"8929","Nadk"
"8937","Nadsyn1"
"8939","Nae1"
"8940","Naf1"
"8950","Nap1l1"
"8951","Nap1l4"
"8952","Nap1l4"
"8955","Napa"
"8956","Napg"
"8959","Narfl"
"8960","Narfl"
"8963","Nars"
"8964","Nars2"
"8965","Nasp"
"8966","Nasp"
"8969","Nat10"
"8977","Nbas"
"8983","Nbn"
"8984","Nbr1"
"8992","Ncapd3"
"8998","Ncbp1"
"8999","Ncbp2"
"9000","Ncbp3"
"9014","Ncl"
"9018","Ncoa2"
"9023","Ncoa5"
"9025","Ncoa6"
"9028","Ncor1"
"9029","Ncor1"
"9030","Ncor1"
"9031","Ncor1"
"9068","Nde1"
"9069","Nde1"
"9075","Ndfip1"
"9076","Ndfip2"
"9077","Ndfip2"
"9084","Ndor1"
"9098","Ndrg3"
"9106","Ndst1"
"9130","Ndufaf1"
"9132","Ndufaf2"
"9137","Ndufaf5"
"9139","Ndufaf7"
"9151","Ndufb8"
"9194","Nedd4l"
"9195","Nedd8"
"9198","Neil1"
"9203","Nek4"
"9207","Nek9"
"9208","Nelfa"
"9209","Nelfb"
"9211","Nelfcd"
"9212","Nelfe"
"9213","Nelfe"
"9217","Nepro"
"9226","Neurl4"
"9227","Neurl4"
"9236","Nf2"
"9251","Nfatc2ip"
"9252","Nfatc3"
"9276","Nfkbil1"
"9279","Nfs1"
"9280","Nfu1"
"9281","Nfx1"
"9282","Nfx1"
"9283","Nfx1"
"9293","Nfyb"
"9296","Ngdn"
"9297","Ngly1"
"9298","Ngrn"
"9299","Nhej1"
"9300","Nhlrc2"
"9309","Nif3l1"
"9310","Nif3l1"
"9313","Nifk"
"9320","Nip7"
"9329","Nipsnap3b"
"9330","Nisch"
"9331","Nisch"
"9340","Nit1"
"9341","Nit1"
"9344","Nit2"
"9351","Nktr"
"9356","Nlk"
"9359","Nmd3"
"9371","Nmt1"
"9372","Nmt2"
"9377","Noa1"
"9378","Nob1"
"9380","Noc3l"
"9384","Nol10"
"9386","Nol12"
"9387","Nol12"
"9392","Nol6"
"9393","Nol7"
"9396","Nolc1"
"9397","Nom1"
"9400","Nop14"
"9401","Nop16"
"9402","Nop2"
"9403","Nop56"
"9407","Nop9"
"9410","Nosip"
"9425","Npepps"
"9431","Nploc4"
"9432","Npm1"
"9433","Npm1"
"9447","Nprl2"
"9464","Nr2c1"
"9467","Nr2c2ap"
"9480","Nras"
"9481","Nrbp1"
"9482","Nrd1"
"9484","Nrde2"
"9490","Nrf1"
"9503","Nsa2"
"9504","Nsd1"
"9506","Nsf"
"9511","Nsmce1"
"9512","Nsmce2"
"9513","Nsmce2"
"9516","Nsmce4a"
"9520","Nsun2"
"9525","Nt5c2"
"9526","Nt5c2"
"9535","Ntan1"
"9538","Nthl1"
"9545","Nub1"
"9547","Nubp2"
"9550","Nucb1"
"9551","Nucb1"
"9557","Nucks1"
"9558","Nudc"
"9561","Nudcd3"
"9565","Nudt13"
"9569","Nudt16l1"
"9570","Nudt18"
"9571","Nudt19"
"9572","Nudt2"
"9573","Nudt21"
"9575","Nudt3"
"9578","Nudt5"
"9579","Nudt5"
"9589","Nudt9"
"9590","Nufip1"
"9591","Nufip2"
"9592","Numa1"
"9598","Nup133"
"9599","Nup153"
"9600","Nup155"
"9603","Nup214"
"9604","Nup214"
"9611","Nup50"
"9612","Nup54"
"9613","Nup85"
"9614","Nup88"
"9615","Nup88"
"9618","Nup93"
"9619","Nup98"
"9620","Nup98"
"9621","Nupl2"
"9622","Nus1"
"9624","Nvl"
"9625","Nxf1"
"9626","Nxf1"
"9631","Nxt1"
"9636","Oard1"
"9637","Oard1"
"9647","Oat"
"9648","Oaz1"
"9649","Oaz1"
"9669","Ocel1"
"9670","Ocel1"
"9675","Ociad1"
"9676","Ociad1"
"9686","Ofd1"
"9694","Ogfod2"
"9698","Ogt"
"9707","Oma1"
"9709","Opa1"
"9712","Opa3"
"9724","Orc2"
"9728","Orc4"
"9730","Orc5"
"9731","Orc6"
"9732","Ormdl1"
"9733","Ormdl2"
"9738","Os9"
"9739","Os9"
"9742","Osbp"
"9745","Osbpl11"
"9749","Osbpl2"
"9762","Oscp1"
"9770","Ost4"
"9771","Ost4"
"9774","Ostc"
"9776","Ostm1"
"9777","Otub1"
"9779","Otud3"
"9780","Otud4"
"9781","Otud4"
"9788","Otulin"
"9791","Oxa1l"
"9792","Oxct1"
"9799","Oxsr1"
"9819","P4hb"
"9821","Pa2g4"
"9822","Pabpc1"
"9827","Pabpn1"
"9828","Pabpn1"
"9829","Pabpn1"
"9837","Pacs1"
"9839","Pacsin2"
"9848","Paf1"
"9849","Pafah1b1"
"9850","Pafah1b1"
"9853","Pafah1b2"
"9860","Paip1"
"9861","Paip1"
"9870","Pak1ip1"
"9871","Pak2"
"9886","Pan2"
"9895","Paox"
"9896","Paox"
"9903","Papolg"
"9905","Papss1"
"9922","Park7"
"9923","Parl"
"9925","Parn"
"9926","Parp1"
"9933","Parp2"
"9937","Parp6"
"9938","Parp6"
"9948","Patl1"
"9953","Paxip1"
"9954","Pbdc1"
"9959","Pbx2"
"9960","Pbx2"
"9966","Pcbp1"
"9967","Pcbp2"
"9968","Pcbp2"
"9969","Pcbp2"
"10000","Pcf11"
"10001","Pcf11"
"10008","Pcgf3"
"10012","Pcif1"
"10016","Pcmt1"
"10017","Pcmt1"
"10023","Pcmtd2"
"10028","Pcnt"
"10029","Pcnx"
"10031","Pcnx4"
"10039","Pcsk7"
"10044","Pcyox1"
"10046","Pcyt1a"
"10049","Pdap1"
"10050","Pdcd10"
"10052","Pdcd11"
"10054","Pdcd2l"
"10057","Pdcd6"
"10058","Pdcd6ip"
"10059","Pdcd6ip"
"10064","Pdcd7"
"10066","Pdcl3"
"10067","Pdcl3"
"10084","Pde4dip"
"10085","Pde4dip"
"10099","Pde7a"
"10116","Pdia3"
"10117","Pdia4"
"10119","Pdia6"
"10141","Pdpk1"
"10145","Pdrg1"
"10146","Pds5a"
"10147","Pds5a"
"10152","Pds5b"
"10159","Pdzd11"
"10160","Pdzd11"
"10165","Pdzd8"
"10183","Pelp1"
"10193","Pes1"
"10195","Pex10"
"10204","Pex13"
"10205","Pex14"
"10207","Pex19"
"10208","Pex19"
"10211","Pex2"
"10212","Pex2"
"10213","Pex2"
"10226","Pex3"
"10229","Pex7"
"10232","Pfdn1"
"10233","Pfdn2"
"10234","Pfdn2"
"10244","Pfkp"
"10245","Pfkp"
"10253","Pgam5"
"10254","Pgam5"
"10266","Pgm1"
"10270","Pgp"
"10273","Pgrmc2"
"10283","Phax"
"10284","Phax"
"10289","Phb2"
"10291","Phc3"
"10295","Phf12"
"10298","Phf14"
"10299","Phf14"
"10300","Phf2"
"10307","Phf23"
"10308","Phf23"
"10312","Phf5a"
"10322","Phkg2"
"10339","Phospho2"
"10341","Phrf1"
"10345","Phtf2"
"10359","Pi4kb"
"10360","Pi4kb"
"10363","Pias1"
"10364","Pias2"
"10382","Pigc"
"10383","Pigf"
"10384","Pigg"
"10385","Pigh"
"10386","Pigk"
"10387","Pigm"
"10388","Pigo"
"10391","Pigp"
"10395","Pigs"
"10396","Pigt"
"10397","Pigu"
"10398","Pigv"
"10399","Pigv"
"10404","Pigw"
"10409","Pih1d1"
"10410","Pih1d1"
"10411","Pih1d1"
"10420","Pik3ca"
"10424","Pik3r1"
"10427","Pik3r4"
"10433","Pin1"
"10436","Pinx1"
"10438","Pip4k2b"
"10439","Pip4k2c"
"10442","Pip5k1c"
"10443","Pip5k1c"
"10449","Pithd1"
"10450","Pitpna"
"10451","Pitpna"
"10454","Pitpnb"
"10455","Pitpnb"
"10477","Pitrm1"
"10483","Pja2"
"10484","Pkd1"
"10524","Pla2g6"
"10525","Pla2g6"
"10528","Plaa"
"10567","Plekha3"
"10578","Plekhb2"
"10579","Plekhb2"
"10596","Plekhj1"
"10601","Plekhn1"
"10602","Plekhn1"
"10609","Plgrkt"
"10610","Plgrkt"
"10640","Plrg1"
"10646","Plscr3"
"10647","Plscr3"
"10648","Plscr3"
"10679","Pmm2"
"10686","Pmpca"
"10688","Pmpcb"
"10703","Pno1"
"10717","Pnpt1"
"10719","Pnrc2"
"10721","Poc1b"
"10722","Poc5"
"10726","Pofut1"
"10728","Pogk"
"10731","Poglut1"
"10739","Polb"
"10741","Pold2"
"10743","Pold3"
"10748","Pole3"
"10749","Pole4"
"10750","Polg"
"10755","Poll"
"10756","Polr1a"
"10757","Polr1b"
"10758","Polr1c"
"10759","Polr1d"
"10760","Polr1d"
"10767","Polr2b"
"10768","Polr2c"
"10769","Polr2e"
"10771","Polr2g"
"10772","Polr2h"
"10775","Polr2j"
"10776","Polr2k"
"10778","Polr2m"
"10780","Polr3a"
"10781","Polr3b"
"10782","Polr3c"
"10786","Polr3e"
"10787","Polr3e"
"10790","Polr3f"
"10792","Polr3gl"
"10793","Polr3h"
"10796","Pom121"
"10799","Pomk"
"10800","Pomp"
"10801","Pomp"
"10802","Pomp"
"10807","Pomt2"
"10813","Pop7"
"10814","Pop7"
"10826","Pot1a"
"10827","Pot1b"
"10828","Pot1b"
"10833","Ppa2"
"10857","Pphln1"
"10858","Pphln1"
"10859","Pphln1"
"10864","Ppib"
"10866","Ppid"
"10867","Ppie"
"10871","Ppil1"
"10872","Ppil2"
"10875","Ppil3"
"10878","Ppip5k2"
"10882","Ppm1a"
"10883","Ppm1d"
"10886","Ppm1g"
"10897","Ppp1cc"
"10899","Ppp1r11"
"10900","Ppp1r11"
"10904","Ppp1r12b"
"10913","Ppp1r15b"
"10922","Ppp1r37"
"10930","Ppp1r7"
"10931","Ppp1r8"
"10936","Ppp2ca"
"10937","Ppp2cb"
"10938","Ppp2r1a"
"10939","Ppp2r1b"
"10940","Ppp2r1b"
"10943","Ppp2r2a"
"10944","Ppp2r2d"
"10947","Ppp2r3c"
"10948","Ppp2r5a"
"10951","Ppp2r5c"
"10953","Ppp2r5d"
"10954","Ppp2r5e"
"10955","Ppp3ca"
"10957","Ppp3cb"
"10958","Ppp3cb"
"10959","Ppp3cb"
"10960","Ppp3cb"
"10975","Ppp3r1"
"10976","Ppp4c"
"10979","Ppp5c"
"10980","Ppp6c"
"10981","Ppp6c"
"10986","Ppp6r1"
"10987","Ppp6r2"
"10995","Ppt1"
"10999","Pptc7"
"11001","Ppwd1"
"11002","Pqbp1"
"11003","Pqbp1"
"11012","Pramef8"
"11015","Prcc"
"11020","Prdm2"
"11022","Prdm4"
"11033","Prdx4"
"11035","Prdx5"
"11036","Prdx5"
"11043","Preb"
"11044","Preb"
"11050","Prep"
"11051","Prepl"
"11062","Prkaa1"
"11068","Prkab2"
"11070","Prkacb"
"11072","Prkag1"
"11076","Prkar1a"
"11077","Prkar1a"
"11090","Prkar2a"
"11099","Prkci"
"11101","Prkcsh"
"11102","Prkcsh"
"11113","Prkdc"
"11116","Prkra"
"11117","Prkrip1"
"11119","Prl8a1"
"11121","Prmt3"
"11122","Prmt5"
"11125","Prmt7"
"11131","Prorsd1"
"11132","Prorsd1"
"11136","Proser1"
"11142","Prpf18"
"11145","Prpf19"
"11146","Prpf19"
"11152","Prpf31"
"11153","Prpf31"
"11156","Prpf38a"
"11158","Prpf39"
"11159","Prpf4"
"11168","Prps1l3"
"11171","Prpsap1"
"11176","Prr14"
"11178","Prr14l"
"11180","Prr3"
"11183","Prrc1"
"11184","Prrc2a"
"11185","Prrc2a"
"11190","Prrc2b"
"11192","Prrc2c"
"11213","Psen1"
"11216","Psg16"
"11220","Pskh1"
"11222","Psma2"
"11224","Psma4"
"11226","Psma5"
"11227","Psma6"
"11228","Psma7"
"11230","Psmb1"
"11232","Psmb2"
"11234","Psmb4"
"11235","Psmb6"
"11236","Psmb7"
"11240","Psmc1"
"11241","Psmc2"
"11242","Psmc3"
"11244","Psmc4"
"11245","Psmc5"
"11246","Psmc6"
"11247","Psmd1"
"11248","Psmd10"
"11249","Psmd11"
"11250","Psmd11"
"11253","Psmd12"
"11254","Psmd12"
"11257","Psmd13"
"11258","Psmd13"
"11259","Psmd13"
"11266","Psmd14"
"11267","Psmd3"
"11268","Psmd3"
"11269","Psmd4"
"11270","Psmd4"
"11273","Psmd5"
"11274","Psmd5"
"11275","Psmd6"
"11276","Psmd7"
"11277","Psmd8"
"11278","Psmd8"
"11279","Psmd9"
"11280","Psmd9"
"11286","Psme3"
"11287","Psme4"
"11290","Psmg1"
"11291","Psmg2"
"11292","Psmg3"
"11294","Pspc1"
"11295","Psph"
"11307","Ptcd1"
"11308","Ptcd2"
"11312","Ptdss1"
"11314","Pten"
"11349","Ptpa"
"11356","Ptpn11"
"11357","Ptpn11"
"11364","Ptpn2"
"11371","Ptpn9"
"11385","Ptprs"
"11389","Ptrh2"
"11390","Ptrhd1"
"11391","Pts"
"11395","Puf60"
"11396","Puf60"
"11401","Pum1"
"11402","Pum1"
"11409","Pum2"
"11411","Pum3"
"11412","Pura"
"11413","Purb"
"11416","Pus10"
"11417","Pus3"
"11420","Pus7l"
"11421","Pusl1"
"11423","Pwp1"
"11424","Pwp2"
"11425","Pwwp2a"
"11440","Pycrl"
"11450","Pym1"
"11457","Qpctl"
"11458","Qrich1"
"11459","Qrsl1"
"11463","Qsox2"
"11464","Qsox2"
"11469","Qtrt1"
"11470","R3hcc1"
"11471","R3hcc1"
"11474","R3hcc1l"
"11475","R3hcc1l"
"11484","Rab10"
"11485","Rab11a"
"11486","Rab11a"
"11487","Rab11b"
"11488","Rab11b"
"11495","Rab14"
"11496","Rab18"
"11498","Rab1b"
"11500","Rab21"
"11501","Rab22a"
"11502","Rab24"
"11505","Rab28"
"11510","Rab2a"
"11516","Rab33b"
"11517","Rab35"
"11524","Rab3gap1"
"11525","Rab3gap2"
"11533","Rab5a"
"11534","Rab5c"
"11535","Rab5c"
"11538","Rab6a"
"11539","Rab6a"
"11544","Rab7"
"11545","Rab7"
"11550","Rab8a"
"11552","Rab9"
"11554","Rabep1"
"11558","Rabepk"
"11559","Rabepk"
"11568","Rabgef1"
"11570","Rabggta"
"11571","Rabggta"
"11574","Rabggtb"
"11575","Rabif"
"11578","Rabl6"
"11579","Rac1"
"11580","Rac1"
"11589","Rad21"
"11590","Rad23a"
"11591","Rad23a"
"11592","Rad23a"
"11596","Rad23b"
"11604","Rad54l2"
"11605","Rad9a"
"11606","Rae1"
"11615","Rala"
"11617","Ralbp1"
"11631","Raly"
"11638","Ran"
"11639","Ranbp1"
"11641","Ranbp10"
"11643","Ranbp2"
"11644","Ranbp3"
"11647","Ranbp9"
"11648","Rangap1"
"11663","Rap1gds1"
"11669","Rap2c"
"11670","Rapgef1"
"11671","Rapgef1"
"11699","Rars"
"11700","Rars2"
"11722","Raver1"
"11729","Rbbp4"
"11732","Rbbp6"
"11733","Rbbp6"
"11736","Rbbp7"
"11737","Rbbp7"
"11743","Rbbp9"
"11744","Rbck1"
"11745","Rbck1"
"11755","Rbm10"
"11756","Rbm10"
"11763","Rbm14"
"11764","Rbm14"
"11767","Rbm15"
"11768","Rbm15b"
"11769","Rbm17"
"11770","Rbm18"
"11776","Rbm22"
"11778","Rbm25"
"11781","Rbm26"
"11782","Rbm26"
"11783","Rbm26"
"11796","Rbm27"
"11797","Rbm27"
"11800","Rbm28"
"11807","Rbm33"
"11810","Rbm34"
"11816","Rbm4"
"11821","Rbm42"
"11822","Rbm42"
"11830","Rbm45"
"11836","Rbm7"
"11839","Rbm8a"
"11840","Rbm8a"
"11852","Rbmx2"
"11853","Rbmxl1"
"11854","Rbmxl1"
"11866","Rbx1"
"11867","Rc3h1"
"11868","Rc3h2"
"11873","Rcan3"
"11878","Rce1"
"11879","Rchy1"
"11880","Rchy1"
"11885","Rcn2"
"11888","Rcor1"
"11895","Rdh11"
"11900","Rdx"
"11907","Reep4"
"11920","Rer1"
"11921","Rere"
"11922","Rere"
"11929","Rev1"
"11932","Rexo2"
"11939","Rfc2"
"11940","Rfc3"
"11942","Rfc5"
"11953","Rfwd3"
"11954","Rfx1"
"11960","Rfxank"
"11961","Rfxap"
"11968","Rgp1"
"11976","Rhbdd1"
"11977","Rhbdd2"
"11986","Rheb"
"12008","Rhot1"
"12009","Rhot1"
"12010","Rhot1"
"12011","Rhot1"
"12024","Rhot2"
"12028","Ric1"
"12032","Rida"
"12040","Ring1"
"12043","Riok1"
"12044","Riok3"
"12051","Rlf"
"12058","Rmi1"
"12059","Rmnd5a"
"12060","Rmnd5a"
"12065","Rnaseh1"
"12067","Rnaseh2a"
"12089","Rnf113a2"
"12091","Rnf115"
"12092","Rnf121"
"12096","Rnf126"
"12104","Rnf138"
"12105","Rnf138"
"12108","Rnf139"
"12109","Rnf14"
"12110","Rnf14"
"12117","Rnf141"
"12120","Rnf145"
"12122","Rnf146"
"12129","Rnf166"
"12130","Rnf167"
"12132","Rnf168"
"12134","Rnf181"
"12135","Rnf181"
"12146","Rnf185"
"12151","Rnf20"
"12157","Rnf216"
"12164","Rnf34"
"12167","Rnf4"
"12168","Rnf4"
"12171","Rnf40"
"12172","Rnf40"
"12177","Rnf41"
"12183","Rnf8"
"12185","Rngtt"
"12190","Rnmt"
"12191","Rnmt"
"12198","Rnpc3"
"12199","Rnpc3"
"12204","Rnpep"
"12208","Rnps1"
"12209","Rnps1"
"12210","Rnps1"
"12236","Rpa1"
"12237","Rpa2"
"12239","Rpain"
"12242","Rpe"
"12260","Rpl15"
"12261","Rpl15"
"12278","Rpl22"
"12301","Rpl32"
"12302","Rpl32"
"12304","Rpl35a"
"12316","Rpl4"
"12321","Rpl7l1"
"12328","Rpn1"
"12329","Rpn2"
"12334","Rpp30"
"12335","Rpp38"
"12336","Rprd1a"
"12360","Rps19bp1"
"12395","Rps6ka5"
"12396","Rps6kb1"
"12407","Rpusd1"
"12408","Rpusd2"
"12409","Rpusd4"
"12411","Rraga"
"12423","Rrm2b"
"12426","Rrn3"
"12432","Rrp36"
"12433","Rrp7a"
"12435","Rrp9"
"12436","Rrs1"
"12441","Rsbn1l"
"12442","Rsbn1l"
"12446","Rsl1d1"
"12447","Rsl24d1"
"12449","Rspry1"
"12452","Rsrc2"
"12456","Rsu1"
"12458","Rtca"
"12459","Rtcb"
"12460","Rtf1"
"12464","Rtn3"
"12474","Rttn"
"12477","Rufy1"
"12481","Rundc1"
"12489","Ruvbl1"
"12490","Ruvbl2"
"12491","Rwdd1"
"12493","Rwdd4a"
"12498","Rybp"
"12518","Sac3d1"
"12519","Sacm1l"
"12521","Sae1"
"12534","Sap130"
"12535","Sap18"
"12537","Sap30bp"
"12539","Sar1a"
"12542","Sar1b"
"12545","Sarnp"
"12546","Sars"
"12548","Sars2"
"12549","Sart1"
"12550","Sart3"
"12559","Sav1"
"12560","Saysd1"
"12561","Sbds"
"12570","Sbno1"
"12575","Scaf1"
"12576","Scaf1"
"12581","Scaf11"
"12582","Scaf4"
"12588","Scamp4"
"12593","Scap"
"12595","Scaper"
"12607","Scfd1"
"12621","Scp2"
"12622","Scp2"
"12630","Scyl1"
"12631","Scyl2"
"12636","Sdad1"
"12646","Sde2"
"12647","Sdf2"
"12648","Sdf4"
"12649","Sdf4"
"12650","Sdf4"
"12659","Sdhaf2"
"12660","Sdhaf4"
"12666","Sdr39u1"
"12670","Sec11c"
"12671","Sec13"
"12676","Sec16a"
"12677","Sec16a"
"12682","Sec22a"
"12683","Sec22b"
"12685","Sec23a"
"12694","Sec23ip"
"12695","Sec24a"
"12696","Sec24b"
"12698","Sec24c"
"12700","Sec31a"
"12701","Sec31a"
"12711","Sec61a1"
"12713","Sec61b"
"12715","Sec62"
"12716","Sec63"
"12721","Secisbp2"
"12725","Seh1l"
"12750","Senp1"
"12752","Senp2"
"12754","Senp3"
"12756","Senp5"
"12764","Sephs1"
"12789","Serac1"
"12790","Serbp1"
"12791","Serbp1"
"12792","Serbp1"
"12793","Serbp1"
"12812","Serp1"
"12828","Sertad2"
"12837","Setd1a"
"12839","Setd2"
"12841","Setd5"
"12844","Setd7"
"12849","Sf1"
"12850","Sf1"
"12851","Sf1"
"12858","Sf3a1"
"12859","Sf3a2"
"12861","Sf3a3"
"12862","Sf3b1"
"12863","Sf3b2"
"12865","Sf3b3"
"12866","Sf3b4"
"12867","Sf3b5"
"12868","Sf3b6"
"12869","Sfmbt1"
"12871","Sfpq"
"12876","Sft2d3"
"12900","Sgsm2"
"12903","Sgta"
"12904","Sh2b1"
"12905","Sh2b1"
"12906","Sh2b1"
"12925","Sh3bp5l"
"12932","Sh3gl1"
"12937","Sh3glb2"
"12938","Sh3glb2"
"12949","Sharpin"
"12958","Shmt2"
"12962","Shq1"
"12972","Sidt2"
"12973","Sidt2"
"12984","Sigmar1"
"12992","Sik3"
"12994","Sike1"
"12996","Sil1"
"12998","Sin3a"
"13002","Sin3b"
"13003","Sin3b"
"13009","Sipa1l1"
"13010","Sipa1l1"
"13035","Skp1a"
"13036","Slain2"
"13037","Slain2"
"13083","Slc22a5"
"13088","Slc25a11"
"13093","Slc25a15"
"13096","Slc25a17"
"13108","Slc25a28"
"13110","Slc25a3"
"13111","Slc25a3"
"13115","Slc25a32"
"13116","Slc25a32"
"13123","Slc25a36"
"13124","Slc25a36"
"13138","Slc25a46"
"13141","Slc25a5"
"13148","Slc26a2"
"13171","Slc30a5"
"13172","Slc30a6"
"13173","Slc30a7"
"13174","Slc30a9"
"13179","Slc33a1"
"13180","Slc35a1"
"13182","Slc35a3"
"13184","Slc35a4"
"13186","Slc35a5"
"13190","Slc35b3"
"13192","Slc35b4"
"13198","Slc35e1"
"13199","Slc35e2"
"13208","Slc36a4"
"13216","Slc37a4"
"13229","Slc38a9"
"13235","Slc39a6"
"13238","Slc39a9"
"13263","Slc4a1ap"
"13273","Slc4a7"
"13277","Slc52a2"
"13290","Slc7a6os"
"13298","Slc9a6"
"13314","Slirp"
"13315","Slirp"
"13316","Slirp"
"13331","Slk"
"13338","Sltm"
"13339","Slu7"
"13346","Smad2"
"13348","Smad4"
"13349","Smad5"
"13353","Smap1"
"13357","Smarca4"
"13358","Smarca4"
"13361","Smarca5"
"13366","Smarcb1"
"13367","Smarcb1"
"13370","Smarcc1"
"13371","Smarcc1"
"13377","Smarcd1"
"13381","Smarce1"
"13382","Smc1a"
"13392","Smcr8"
"13393","Smdt1"
"13394","Smg1"
"13395","Smg5"
"13397","Smg7"
"13398","Smg7"
"13403","Smg8"
"13404","Smg9"
"13405","Smim10l1"
"13406","Smim11"
"13407","Smim12"
"13409","Smim14"
"13410","Smim14"
"13415","Smim20"
"13421","Smim7"
"13422","Smim7"
"13425","Smim8"
"13427","Smn1"
"13429","Smndc1"
"13434","Smpd1"
"13449","Smu1"
"13450","Smug1"
"13452","Smurf2"
"13456","Smyd2"
"13457","Smyd3"
"13458","Smyd4"
"13459","Smyd5"
"13464","Snap29"
"13471","Snapc2"
"13474","Snapc5"
"13475","Snapin"
"13479","Snd1"
"13481","Snf8"
"13484","Snip1"
"13492","Snrnp200"
"13493","Snrnp25"
"13494","Snrnp27"
"13495","Snrnp35"
"13497","Snrnp40"
"13498","Snrnp40"
"13501","Snrnp48"
"13502","Snrnp70"
"13503","Snrpa"
"13504","Snrpa"
"13509","Snrpa1"
"13510","Snrpb"
"13511","Snrpb2"
"13512","Snrpd1"
"13514","Snrpd3"
"13522","Snupn"
"13523","Snw1"
"13524","Snx1"
"13526","Snx12"
"13527","Snx12"
"13528","Snx12"
"13529","Snx13"
"13533","Snx16"
"13535","Snx18"
"13536","Snx19"
"13545","Snx27"
"13547","Snx3"
"13548","Snx3"
"13552","Snx4"
"13554","Snx6"
"13558","Socs4"
"13560","Socs6"
"13561","Socs6"
"13565","Sod1"
"13568","Son"
"13569","Son"
"13570","Son"
"13597","Sos1"
"13607","Sp1"
"13608","Sp2"
"13615","Sp4"
"13616","Spag7"
"13618","Spag9"
"13628","Spast"
"13630","Spata2"
"13641","Spcs3"
"13653","Spg11"
"13655","Spg21"
"13657","Spg7"
"13658","Spg7"
"13665","Spidr"
"13666","Spin1"
"13680","Spop"
"13681","Spopl"
"13684","Sppl2a"
"13686","Sppl2b"
"13687","Sppl3"
"13696","Spryd3"
"13697","Spryd4"
"13713","Sptlc1"
"13715","Sptssa"
"13716","Spty2d1"
"13720","Srbd1"
"13730","Srebf2"
"13731","Srek1"
"13732","Srek1"
"13736","Srf"
"13737","Srfbp1"
"13741","Sri"
"13742","Sri"
"13747","Srm"
"13748","Srp14"
"13752","Srp72"
"13753","Srp9"
"13754","Srp9"
"13755","Srpk1"
"13761","Srprb"
"13764","Srr"
"13765","Srrm1"
"13766","Srrm1"
"13773","Srrt"
"13774","Srrt"
"13775","Srrt"
"13776","Srrt"
"13785","Srsf1"
"13786","Srsf1"
"13787","Srsf1"
"13788","Srsf1"
"13801","Srsf10"
"13802","Srsf10"
"13803","Srsf10"
"13813","Srsf11"
"13815","Srsf2"
"13816","Srsf2"
"13819","Srsf3"
"13820","Srsf4"
"13821","Srsf5"
"13822","Srsf5"
"13823","Srsf5"
"13839","Srsf6"
"13840","Srsf7"
"13841","Srsf9"
"13843","Ss18"
"13844","Ss18"
"13847","Ss18l1"
"13851","Ssbp1"
"13852","Ssbp1"
"13853","Ssbp1"
"13854","Ssbp1"
"13873","Ssbp3"
"13881","Ssna1"
"13883","Ssr1"
"13884","Ssr2"
"13886","Ssr3"
"13890","Ssrp1"
"13896","Ssu72"
"13897","Ssu72"
"13902","St13"
"13906","St3gal3"
"13907","St3gal3"
"13927","St7l"
"13936","Stag2"
"13937","Stag2"
"13942","Stam"
"13943","Stam2"
"13958","Stat3"
"13961","Stat5b"
"13962","Stat5b"
"13966","Stau1"
"13967","Stau1"
"13968","Stau1"
"13985","Stim1"
"13987","Stip1"
"13989","Stk11"
"13994","Stk24"
"13999","Stk35"
"14000","Stk38"
"14001","Stk38"
"14010","Stoml1"
"14019","Strap"
"14024","Strip1"
"14030","Strn4"
"14031","Strn4"
"14034","Stt3a"
"14035","Stt3a"
"14036","Stt3b"
"14037","Stub1"
"14043","Stx17"
"14045","Stx18"
"14046","Stx18"
"14056","Stx4a"
"14057","Stx4a"
"14060","Stx5a"
"14061","Stx5a"
"14062","Stx5a"
"14063","Stx5a"
"14074","Stx8"
"14075","Stx8"
"14085","Stxbp5"
"14089","Sub1"
"14090","Sub1"
"14098","Suco"
"14101","Suds3"
"14102","Suds3"
"14105","Sufu"
"14106","Sugp1"
"14109","Sugt1"
"14118","Sumf2"
"14119","Sumo1"
"14120","Sumo2"
"14121","Sumo2"
"14122","Sumo3"
"14125","Sun1"
"14133","Supt16"
"14134","Supt20"
"14138","Supt5"
"14139","Supt6"
"14140","Supt7l"
"14147","Surf4"
"14148","Surf6"
"14163","Swi5"
"14164","Swi5"
"14165","Swi5"
"14172","Swsap1"
"14180","Syf2"
"14183","Sympk"
"14185","Syncrip"
"14186","Syncrip"
"14187","Syncrip"
"14188","Syncrip"
"14212","Synj2bp"
"14213","Synj2bp"
"14225","Synrg"
"14226","Synrg"
"14235","Syvn1"
"14236","Syvn1"
"14237","Szrd1"
"14240","Tab1"
"14241","Tab2"
"14243","Tab3"
"14245","Tacc1"
"14253","Tada1"
"14254","Tada2a"
"14255","Tada2b"
"14256","Tada3"
"14257","Taf1"
"14258","Taf10"
"14260","Taf12"
"14265","Taf1d"
"14266","Taf1d"
"14267","Taf2"
"14269","Taf4"
"14271","Taf5l"
"14272","Taf6"
"14276","Taf8"
"14282","Tamm41"
"14300","Taok2"
"14301","Taok2"
"14310","Tarbp2"
"14311","Tardbp"
"14312","Tardbp"
"14313","Tardbp"
"14323","Tars"
"14326","Tatdn1"
"14331","Tax1bp1"
"14333","Taz"
"14334","Taz"
"14348","Tbc1d15"
"14354","Tbc1d20"
"14357","Tbc1d23"
"14368","Tbc1d5"
"14378","Tbca"
"14379","Tbcb"
"14382","Tbcd"
"14384","Tbck"
"14385","Tbk1"
"14388","Tbl1x"
"14389","Tbl1xr1"
"14390","Tbl1xr1"
"14393","Tbl2"
"14394","Tbp"
"14395","Tbp"
"14396","Tbp"
"14400","Tbpl1"
"14402","Tbrg1"
"14403","Tbrg4"
"14404","Tbrg4"
"14419","Tcea1"
"14425","Tceanc2"
"14426","Tcerg1"
"14434","Tcf25"
"14435","Tcf25"
"14450","Tcof1"
"14452","Tcp1"
"14453","Tcp1"
"14460","Tctex1d2"
"14465","Tdp2"
"14498","Terf2"
"14499","Terf2"
"14502","Terf2ip"
"14508","Tet3"
"14512","Tex2"
"14513","Tex2"
"14514","Tex261"
"14517","Tfam"
"14521","Tfb2m"
"14522","Tfcp2"
"14534","Tfip11"
"14561","Tgfbrap1"
"14567","Tgs1"
"14570","Thap1"
"14571","Thap11"
"14573","Thap3"
"14586","Thoc1"
"14589","Thoc3"
"14592","Thoc7"
"14595","Thop1"
"14596","Thra"
"14597","Thra"
"14600","Thrap3"
"14608","Thtpa"
"14609","Thumpd1"
"14610","Thumpd3"
"14613","Thyn1"
"14614","Tia1"
"14622","Tigar"
"14623","Tigd2"
"14624","Tigd5"
"14628","Timm17a"
"14630","Timm17b"
"14632","Timm21"
"14633","Timm22"
"14637","Timm50"
"14638","Timm8b"
"14641","Timmdc1"
"14650","Tiprl"
"14651","Tirap"
"14660","Tk2"
"14661","Tkfc"
"14674","Tle4"
"14678","Tlk1"
"14679","Tlk2"
"14699","Tm9sf2"
"14701","Tm9sf3"
"14703","Tma16"
"14707","Tmbim6"
"14719","Tmco1"
"14720","Tmco1"
"14727","Tmco6"
"14728","Tmed1"
"14729","Tmed10"
"14732","Tmed3"
"14733","Tmed4"
"14737","Tmed8"
"14738","Tmed9"
"14742","Tmem101"
"14744","Tmem106b"
"14746","Tmem106c"
"14750","Tmem11"
"14751","Tmem110"
"14758","Tmem126a"
"14760","Tmem127"
"14761","Tmem128"
"14766","Tmem135"
"14768","Tmem138"
"14775","Tmem147"
"14790","Tmem165"
"14794","Tmem170b"
"14802","Tmem177"
"14804","Tmem18"
"14806","Tmem183a"
"14810","Tmem185a"
"14812","Tmem186"
"14813","Tmem19"
"14819","Tmem199"
"14824","Tmem203"
"14831","Tmem209"
"14836","Tmem218"
"14838","Tmem219"
"14839","Tmem219"
"14840","Tmem219"
"14852","Tmem222"
"14853","Tmem230"
"14856","Tmem242"
"14858","Tmem245"
"14862","Tmem248"
"14866","Tmem251"
"14870","Tmem256"
"14871","Tmem256"
"14874","Tmem258"
"14875","Tmem259"
"14876","Tmem259"
"14879","Tmem260"
"14884","Tmem30a"
"14885","Tmem33"
"14886","Tmem33"
"14897","Tmem41b"
"14898","Tmem41b"
"14901","Tmem42"
"14905","Tmem50a"
"14906","Tmem50a"
"14915","Tmem60"
"14922","Tmem68"
"14925","Tmem70"
"14926","Tmem70"
"14943","Tmem9b"
"14944","Tmf1"
"14949","Tmpo"
"14950","Tmpo"
"14961","Tmppe"
"14968","Tmub2"
"14969","Tmub2"
"14974","Tmx1"
"14975","Tmx2"
"14977","Tmx3"
"14978","Tmx4"
"15000","Tnip2"
"15003","Tnks"
"15006","Tnks2"
"15034","Tnpo3"
"15036","Tnrc6a"
"15038","Tnrc6b"
"15055","Toe1"
"15056","Tollip"
"15060","Tom1l1"
"15064","Tomm20"
"15065","Tomm22"
"15066","Tomm34"
"15067","Tomm40"
"15068","Tomm40l"
"15073","Tomm70a"
"15077","Top3a"
"15079","Topors"
"15080","Tor1a"
"15088","Tor1b"
"15093","Tox4"
"15098","Tpd52l2"
"15099","Tpd52l2"
"15100","Tpd52l2"
"15117","Tpgs2"
"15120","Tpi1"
"15137","Tpp2"
"15138","Tpp2"
"15147","Tprkb"
"15152","Tra2b"
"15155","Trabd"
"15158","Traf2"
"15163","Traf6"
"15171","Trak1"
"15172","Trak1"
"15185","Tram1"
"15187","Trap1"
"15189","Trappc10"
"15191","Trappc12"
"15195","Trappc2l"
"15196","Trappc3"
"15198","Trappc5"
"15201","Trappc6b"
"15203","Trappc9"
"15206","Trdmt1"
"15214","Trim11"
"15221","Trim24"
"15227","Trim27"
"15228","Trim28"
"15234","Trim33"
"15235","Trim33"
"15238","Trim35"
"15239","Trim37"
"15241","Trim39"
"15242","Trim41"
"15243","Trim44"
"15259","Trip12"
"15260","Trip12"
"15267","Trip4"
"15273","Trmt10c"
"15274","Trmt11"
"15275","Trmt112"
"15276","Trmt112"
"15277","Trmt12"
"15281","Trmt44"
"15283","Trmt6"
"15287","Trmu"
"15288","Trnau1ap"
"15289","Trnt1"
"15295","Trp53bp2"
"15302","Trp53rka"
"15305","Trpc4ap"
"15316","Trub1"
"15317","Trub1"
"15324","Tsc2"
"15330","Tsc22d2"
"15331","Tsc22d2"
"15341","Tsen2"
"15342","Tsen54"
"15343","Tsfm"
"15344","Tshz1"
"15348","Tsn"
"15349","Tsnax"
"15358","Tspan31"
"15367","Tspyl1"
"15368","Tspyl2"
"15372","Tsr1"
"15374","Tsr3"
"15376","Tssc4"
"15377","Tssc4"
"15383","Tsta3"
"15388","Ttc1"
"15389","Ttc1"
"15398","Ttc19"
"15404","Ttc27"
"15409","Ttc33"
"15410","Ttc33"
"15415","Ttc37"
"15416","Ttc38"
"15418","Ttc4"
"15421","Ttc5"
"15423","Ttc7b"
"15424","Ttc9c"
"15426","Ttf1"
"15428","Tti1"
"15431","Ttll1"
"15433","Ttll12"
"15454","Tubb4b"
"15458","Tubg1"
"15465","Tubgcp6"
"15468","Tusc2"
"15470","Tut1"
"15471","Tvp23b"
"15476","Twistnb"
"15478","Txlna"
"15479","Txlna"
"15484","Txn2"
"15485","Txndc11"
"15486","Txndc11"
"15489","Txndc12"
"15490","Txndc15"
"15495","Txndc5"
"15496","Txndc9"
"15497","Txndc9"
"15498","Txndc9"
"15510","Txnl1"
"15511","Txnl4a"
"15512","Txnl4b"
"15525","Tyw1"
"15526","Tyw3"
"15527","U2af1"
"15529","U2af2"
"15530","U2af2"
"15538","Uap1"
"15539","Uap1"
"15541","Uba1"
"15542","Uba2"
"15546","Uba5"
"15549","Ubac1"
"15550","Ubac2"
"15553","Ubap1"
"15554","Ubap1"
"15555","Ubap1"
"15563","Ubap2l"
"15564","Ubap2l"
"15565","Ubap2l"
"15566","Ubap2l"
"15567","Ubap2l"
"15568","Ubap2l"
"15569","Ubap2l"
"15631","Ube2d2a"
"15632","Ube2d3"
"15633","Ube2d3"
"15634","Ube2d3"
"15653","Ube2e1"
"15657","Ube2f"
"15658","Ube2f"
"15661","Ube2g1"
"15665","Ube2i"
"15666","Ube2i"
"15667","Ube2i"
"15668","Ube2i"
"15681","Ube2j1"
"15682","Ube2j1"
"15688","Ube2k"
"15689","Ube2k"
"15692","Ube2l3"
"15696","Ube2n"
"15698","Ube2q1"
"15699","Ube2q1"
"15702","Ube2q2"
"15705","Ube2r2"
"15707","Ube2v1"
"15708","Ube2v1"
"15715","Ube2w"
"15716","Ube2z"
"15720","Ube3c"
"15721","Ube4a"
"15723","Ube4b"
"15724","Ubfd1"
"15725","Ubiad1"
"15728","Ubl4a"
"15729","Ubl5"
"15730","Ubl5"
"15733","Ubl7"
"15735","Ubn1"
"15736","Ubn2"
"15737","Ubn2"
"15740","Ubox5"
"15743","Ubp1"
"15744","Ubp1"
"15747","Ubqln1"
"15748","Ubqln1"
"15752","Ubqln4"
"15753","Ubr1"
"15754","Ubr2"
"15755","Ubr2"
"15758","Ubr3"
"15760","Ubr4"
"15763","Ubr5"
"15764","Ubr7"
"15772","Ubxn1"
"15773","Ubxn1"
"15776","Ubxn2a"
"15778","Ubxn4"
"15782","Ubxn7"
"15783","Ubxn8"
"15785","Uchl3"
"15786","Uchl5"
"15787","Uchl5"
"15790","Uck1"
"15796","Uevld"
"15797","Ufc1"
"15800","Ufl1"
"15801","Ufl1"
"15804","Ufm1"
"15806","Ufsp2"
"15809","Uggt1"
"15811","Ugp2"
"15812","Ugp2"
"15817","Uhrf1bp1"
"15818","Uhrf1bp1l"
"15819","Uhrf2"
"15820","Uimc1"
"15824","Ulk2"
"15825","Ulk3"
"15827","Umps"
"15830","Unc119b"
"15844","Upf1"
"15846","Upf3a"
"15847","Upf3b"
"15868","Urb2"
"15876","Urod"
"15880","Usb1"
"15889","Usp10"
"15895","Usp14"
"15896","Usp14"
"15899","Usp15"
"15900","Usp16"
"15909","Usp22"
"15910","Usp24"
"15911","Usp25"
"15914","Usp31"
"15915","Usp33"
"15916","Usp33"
"15923","Usp37"
"15924","Usp38"
"15925","Usp39"
"15926","Usp39"
"15929","Usp4"
"15930","Usp4"
"15933","Usp42"
"15937","Usp47"
"15939","Usp48"
"15940","Usp48"
"15945","Usp49"
"15946","Usp5"
"15947","Usp5"
"15955","Usp8"
"15961","Utp14a"
"15962","Utp15"
"15963","Utp18"
"15964","Utp20"
"15965","Utp23"
"15966","Utp3"
"15967","Utp6"
"15969","Uvrag"
"15971","Vac14"
"15989","Vapb"
"16004","Vcp"
"16006","Vdac1"
"16008","Vdac2"
"16013","Vezf1"
"16014","Vezf1"
"16015","Vezf1"
"16025","Vezt"
"16026","Vezt"
"16034","Vhl"
"16040","Vkorc1l1"
"16046","Vps11"
"16048","Vps13b"
"16054","Vps16"
"16055","Vps25"
"16056","Vps26a"
"16057","Vps26b"
"16058","Vps29"
"16059","Vps29"
"16060","Vps29"
"16073","Vps33a"
"16075","Vps35"
"16076","Vps36"
"16077","Vps37a"
"16079","Vps37c"
"16082","Vps41"
"16083","Vps45"
"16084","Vps4a"
"16085","Vps4b"
"16086","Vps4b"
"16089","Vps50"
"16090","Vps51"
"16091","Vps51"
"16094","Vps52"
"16097","Vps72"
"16103","Vrk3"
"16111","Vti1b"
"16121","Wac"
"16122","Wac"
"16123","Wac"
"16133","Wapl"
"16135","Wars"
"16136","Wars2"
"16139","Wasl"
"16143","Wbp11"
"16147","Wbp4"
"16156","Wdr1"
"16158","Wdr12"
"16163","Wdr18"
"16164","Wdr24"
"16165","Wdr25"
"16166","Wdr26"
"16167","Wdr26"
"16168","Wdr26"
"16177","Wdr33"
"16178","Wdr33"
"16181","Wdr34"
"16183","Wdr36"
"16184","Wdr36"
"16189","Wdr37"
"16191","Wdr41"
"16192","Wdr43"
"16197","Wdr45b"
"16198","Wdr46"
"16203","Wdr48"
"16204","Wdr5"
"16207","Wdr55"
"16211","Wdr61"
"16212","Wdr61"
"16216","Wdr7"
"16217","Wdr70"
"16218","Wdr73"
"16219","Wdr74"
"16224","Wdr77"
"16228","Wdr82"
"16230","Wdr83os"
"16232","Wdr92"
"16234","Wdtc1"
"16235","Wdyhv1"
"16240","Whamm"
"16241","Whamm"
"16249","Wipf2"
"16257","Wipi2"
"16276","Wrap53"
"16279","Wrb"
"16283","Wrnip1"
"16294","Wwp2"
"16296","Xab2"
"16311","Xpnpep3"
"16315","Xpo5"
"16317","Xpo7"
"16318","Xpot"
"16319","Xpr1"
"16321","Xrcc1"
"16322","Xrcc2"
"16329","Xrn2"
"16330","Xxylt1"
"16333","Yae1d1"
"16337","Yars"
"16338","Yars2"
"16339","Ybey"
"16345","Yeats4"
"16348","Yif1a"
"16353","Yipf1"
"16356","Yipf3"
"16357","Yipf4"
"16358","Yipf5"
"16360","Ykt6"
"16362","Yme1l1"
"16363","Yod1"
"16368","Yrdc"
"16369","Ythdc1"
"16372","Ythdf1"
"16377","Ywhab"
"16378","Ywhae"
"16380","Ywhah"
"16381","Ywhaq"
"16382","Ywhaq"
"16383","Yy1"
"16385","Zbed3"
"16388","Zbtb1"
"16390","Zbtb11"
"16393","Zbtb17"
"16401","Zbtb22"
"16402","Zbtb24"
"16414","Zbtb40"
"16421","Zbtb44"
"16422","Zbtb45"
"16423","Zbtb45"
"16427","Zbtb48"
"16429","Zbtb5"
"16433","Zbtb8a"
"16434","Zbtb8os"
"16435","Zbtb8os"
"16440","Zc3h10"
"16441","Zc3h11a"
"16446","Zc3h13"
"16447","Zc3h14"
"16448","Zc3h14"
"16459","Zc3h15"
"16460","Zc3h18"
"16461","Zc3h3"
"16462","Zc3h4"
"16465","Zc3h7a"
"16466","Zc3h7b"
"16469","Zc3hc1"
"16470","Zcchc10"
"16480","Zcchc4"
"16481","Zcchc4"
"16486","Zcchc7"
"16492","Zdhhc13"
"16495","Zdhhc16"
"16496","Zdhhc17"
"16498","Zdhhc18"
"16501","Zdhhc20"
"16503","Zdhhc3"
"16504","Zdhhc4"
"16505","Zdhhc5"
"16506","Zdhhc6"
"16507","Zdhhc7"
"16508","Zdhhc8"
"16509","Zdhhc8"
"16531","Zfand6"
"16532","Zfand6"
"16536","Zfp1"
"16537","Zfp101"
"16538","Zfp101"
"16542","Zfp106"
"16545","Zfp110"
"16561","Zfp146"
"16562","Zfp148"
"16563","Zfp148"
"16570","Zfp157"
"16574","Zfp174"
"16575","Zfp180"
"16586","Zfp207"
"16587","Zfp207"
"16596","Zfp212"
"16598","Zfp213"
"16600","Zfp235"
"16601","Zfp236"
"16603","Zfp24"
"16622","Zfp277"
"16623","Zfp277"
"16627","Zfp280b"
"16631","Zfp282"
"16633","Zfp3"
"16636","Zfp316"
"16637","Zfp317"
"16638","Zfp318"
"16639","Zfp318"
"16642","Zfp319"
"16649","Zfp330"
"16652","Zfp346"
"16653","Zfp35"
"16658","Zfp362"
"16661","Zfp369"
"16674","Zfp39"
"16681","Zfp407"
"16682","Zfp410"
"16685","Zfp426"
"16689","Zfp438"
"16691","Zfp444"
"16692","Zfp444"
"16698","Zfp451"
"16703","Zfp46"
"16707","Zfp472"
"16710","Zfp511"
"16712","Zfp512"
"16714","Zfp512b"
"16715","Zfp513"
"16716","Zfp513"
"16724","Zfp53"
"16728","Zfp553"
"16735","Zfp574"
"16738","Zfp592"
"16739","Zfp593"
"16741","Zfp598"
"16748","Zfp609"
"16751","Zfp619"
"16755","Zfp623"
"16766","Zfp639"
"16767","Zfp639"
"16776","Zfp64"
"16785","Zfp646"
"16786","Zfp646"
"16790","Zfp655"
"16796","Zfp668"
"16801","Zfp68"
"16802","Zfp68"
"16809","Zfp687"
"16811","Zfp689"
"16820","Zfp706"
"16821","Zfp709"
"16826","Zfp719"
"16828","Zfp729b"
"16829","Zfp740"
"16832","Zfp747"
"16833","Zfp748"
"16842","Zfp777"
"16844","Zfp780b"
"16846","Zfp787"
"16857","Zfp809"
"16858","Zfp81"
"16859","Zfp810"
"16861","Zfp821"
"16863","Zfp830"
"16865","Zfp84"
"16866","Zfp865"
"16870","Zfp868"
"16872","Zfp87"
"16879","Zfp90"
"16880","Zfp91"
"16894","Zfp954"
"16899","Zfp994"
"16900","Zfpl1"
"16901","Zfpl1"
"16906","Zfyve1"
"16908","Zfyve19"
"16909","Zfyve19"
"16910","Zfyve21"
"16911","Zfyve26"
"16912","Zfyve27"
"16913","Zfyve27"
"16920","Zhx3"
"16924","Zkscan14"
"16927","Zkscan3"
"16928","Zkscan3"
"16939","Zmat2"
"16944","Zmiz1"
"16945","Zmiz2"
"16946","Zmiz2"
"16947","Zmiz2"
"16954","Zmpste24"
"16958","Zmym4"
"16970","Zmynd19"
"16971","Zmynd19"
"16974","Zmynd8"
"16975","Zmynd8"
"16976","Zmynd8"
"16985","Znhit6"
"16986","Znhit6"
"16991","Znrf1"
"16992","Znrf1"
"16993","Znrf1"
"17003","Znrf2"
"17004","Znrf3"
"17005","Znrf3"
"17008","Zpr1"
"17009","Zpr1"
"17012","Zranb1"
"17014","Zranb2"
"17015","Zranb2"
"17020","Zrsr1"
"17021","Zrsr2"
"17022","Zrsr2"
"17030","Zscan26"
"17032","Zscan29"
"17033","Zscan29"
"17036","Zswim1"
"17037","Zswim3"
"17041","Zswim8"
"17042","Zw10"
"17043","Zwint"
"17044","Zwint"
"17045","Zwint"
"17052","Zxdb"
"17053","Zxdc"
"17054","Zxdc"
"17055","Zxdc"
"17059","Zyg11b"
