,cluster
AACCATGAGCTGAAAT-1,10
CACCAGGGTAGCACGA-1,10
GATCGATCAGGACGTA-1,10
TAGTTGGCATGCGCAC-1,10
TTAGTTCCACCCAGTG-1,7
AGAGCGACAGCTCGAC-2,10
CACCAGGTCGCCATAA-2,10
CGTAGGCAGGATGTAT-2,10
CTACGTCAGTTAAGTG-2,10
TTAGTTCGTCAGCTAT-2,10
TTCTCCTGTTTGACTG-2,10
TTGTAGGCAGTTCATG-2,10
ACGGGCTAGTGTCTCA-3,10
CACTCCAAGCCTATGT-3,10
CATTCGCGTGTCCTCT-3,10
CCACCTATCCGCATCT-3,10
CTCTGGTAGAGAGCTC-3,10
GGCGTGTAGATGTGGC-3,10
TGAGGGATCGGTCCGA-3,10
TGATTTCAGCCAGGAT-3,10
AGGCCGTTCGTATCAG-4,10
CACTCCAGTGAGTATA-4,10
CCATGTCGTTCTGTTT-4,10
CGATTGACATCGGAAG-4,10
GCTTCCATCCGTACAA-4,10
GGGATGACACGTAAGG-4,10
TGGGCGTCAGCTGCAC-4,7
CAGCTGGAGGAATGGA-5,7
CCTTTCTCAGGTCTCG-5,10
CGTGTAACAAAGAATC-5,10
CTACATTCACAAGTAA-5,10
GACCTGGGTACTTGAC-5,10
GCCTCTACAAGCCGTC-5,10
GCTCTGTAGACGCAAC-5,10
TGACTAGCAGGGTATG-5,10
CAAGATCTCGGAGCAA-6,10
CATATGGAGTGTCCAT-6,10
CGAATGTGTGGCAAAC-6,10
CTCAGAATCGCCTGAG-6,10
CTCGGAGCACCATCCT-6,10
CTCGGGAGTATCAGTC-6,10
CTTAACTGTCATATCG-6,10
GAACCTAAGTCAAGGC-6,10
GCAATCACAGGGTATG-6,10
GGAAAGCAGCATGGCA-6,10
TCGGTAATCGCCCTTA-6,7
TGGGCGTCAGCTTAAC-6,10
TTCTCCTTCTGTCCGT-6,10
AACTGGTCACGGATAG-7,10
AGCGTATTCTGCCAGG-7,10
ATCCGAAGTCTAGAGG-7,10
CACACTCCAGCTGGCT-7,10
CGATCGGCAAACTGTC-7,10
AAACCTGTCTGACCTC-8,10
AACTCAGAGAAAGTGG-8,10
CACCTTGCACAACGCC-8,10
CATGCCTCAAATACAG-8,10
CCTCTGAGTATGGTTC-8,10
CGGCTAGTCTGTCTCG-8,10
CTAAGACTCTAACTGG-8,10
CTGAAACGTACAGACG-8,10
GGGTCTGGTCGGATCC-8,10
GTCTTCGGTATAGTAG-8,10
TCTTTCCGTCAGAATA-8,10
AACCATGCACTGTCGG-9,10
ATTACTCAGGGTCGAT-9,10
CATGACACAGACACTT-9,10
GAACCTAGTCCCTACT-9,10
GGCCGATAGAAGATTC-9,7
GGCTGGTAGTCTCAAC-9,10
TAAGCGTCAAGAAGAG-9,10
TGCTGCTGTCAAACTC-9,7
AACTGGTAGACCGGAT-10,10
ACGCAGCAGATCCGAG-10,10
ATTCTACCAGATCGGA-10,10
CCTACCAGTGCCTGTG-10,10
GCAATCAAGATTACCC-10,10
TGGTTCCGTCGTTGTA-10,10
ATTGGACCAGCCTTGG-11,10
CGAGCCAGTATATCCG-11,10
CGTTAGAGTCTAACGT-11,10
GCATACAGTGCTTCTC-11,10
GCTTGAATCCAAACTG-11,10
GGATTACTCATAAAGG-11,10
GTTACAGGTCTCCCTA-11,7
ACTGCTCAGGTGCACA-12,10
CATCAGATCGTGGACC-12,7
CGAATGTGTTGGTGGA-12,10
GATCGCGCAGCCACCA-12,10
GCATGCGCAGCGATCC-12,10
TCACAAGTCCGAGCCA-12,10
TGTGTTTTCAGAAATG-12,10
AACCGCGAGAATAGGG-13,10
ACACCCTCATCACAAC-13,10
ATTGGTGGTCTCCACT-13,10
CATGACAAGCGATTCT-13,10
CCGTGGACACGTGAGA-13,10
CCTTCGAAGATGGGTC-13,10
GTTAAGCTCAAGAAGT-13,7
TGTATTCGTCGAACAG-13,10
AGCTCCTCATGTAGTC-14,10
CATATGGAGAAGAAGC-14,10
CCACGGAGTCGACTAT-14,10
GACACGCGTCAACATC-14,10
GACCTGGCAGGTCTCG-14,10
GGCCGATGTTATCGGT-14,10
ACTGCTCGTTTGTGTG-15,10
AGAGCGAGTCTCACCT-15,10
CACAGGCCACCGTTGG-15,10
CTCGGGAAGCAAATCA-15,10
GAATGAACATGGGACA-15,10
GATCGCGCAATCGAAA-15,10
GGGCATCCAACGCACC-15,10
GTACTCCTCGTAGGTT-15,10
TGAGGGAGTAATCACC-15,10
TTTCCTCCAAGAGGCT-15,10
AAGGAGCAGCCATCGC-16,10
ACATCAGGTCGATTGT-16,10
ACTTACTCATAGGATA-16,7
AGAGCTTTCACAATGC-16,10
AGCCTAACAGTAAGAT-16,10
CACAGTATCGCCAAAT-16,7
CCACCTAAGTGGCACA-16,10
CGGAGTCAGCTGTCTA-16,10
CGGGTCAAGGCAAAGA-16,10
GATCAGTTCGTTGACA-16,10
GTAACTGGTAGGACAC-16,10
GTCGTAACAAACTGTC-16,10
TGCCCATTCAACGCTA-16,10
TGGCGCAGTGCCTGTG-16,10
AGATTGCCAATCAGAA-17,10
ATTATCCGTCCCGACA-17,10
CCCATACAGGGCTCTC-17,10
CCCTCCTAGTTCGATC-17,10
CTGAAACCAATGGTCT-17,10
GAGCAGAAGCTGTTCA-17,10
GAGCAGAAGGCTATCT-17,10
GCTGCGACAAGCCGCT-17,7
GGGTCTGCAATCCAAC-17,10
GTGCATACAAGTCTGT-17,10
TCAGCTCTCCCTGACT-17,10
TGAAAGACATCCGTGG-17,10
TTCTACAGTTTCCACC-17,10
ATCTGCCGTATAGGTA-18,10
ATGTGTGTCTGCCCTA-18,10
CATATGGTCGTTACGA-18,10
CCTTCCCAGGAGCGAG-18,10
GATCAGTGTAGCGCAA-18,10
GGCGACTCAGGTCCAC-18,10
GTCTCGTAGAGGGATA-18,10
GTGCATAGTCTCCACT-18,10
TAGTTGGAGGACATTA-18,10
ACGGGCTCAAGCCATT-19,10
ATCTGCCCATGGTTGT-19,10
CATGGCGGTATATGAG-19,10
CCGTGGAAGATCACGG-19,10
GAGGTGAAGCGCCTTG-19,10
GTTCATTAGTGCAAGC-19,10
GTTCTCGTCAGGTTCA-19,7
TCAGGATAGTTGCAGG-19,10
AAGGCAGGTCCGCTGA-20,7
CGTTCTGTCTGGCGAC-20,10
GATCTAGTCAACCAAC-20,10
GATGAGGGTGTTGAGG-20,10
GTCCTCAGTATTCTCT-20,7
GTGAAGGCAGACGTAG-20,10
GTGCGGTGTGCAGACA-20,10
TCTATTGTCTTCCTTC-20,7
AAGGAGCCAGATGGCA-21,10
CATCAGACACCTCGTT-21,10
CCAATCCAGAGGTAGA-21,10
GACTGCGCACGAGAGT-21,10
GGCGTGTTCACCAGGC-21,10
TAAGCGTAGCTGCAAG-21,10
TCGCGTTTCACTATTC-21,10
TGTCCCATCAAGAAGT-21,10
AACTCAGTCACCAGGC-22,10
ATAGACCAGTGAAGAG-22,10
CATCAGATCAATCTCT-22,7
GTTCGGGGTCCGTCAG-22,10
TCGAGGCAGCGATTCT-22,10
TCGGGACGTGAGGGAG-22,10
TGAGAGGGTGCACGAA-22,10
ACAGCCGCACTGAAGG-23,10
ACATGGTTCCCGGATG-23,10
ACGATACGTCTACCTC-23,10
AGGTCCGTCAGCTCGG-23,10
CACAGGCAGTACGATA-23,10
CAGCAGCTCTTAGAGC-23,10
CATATGGAGGCAGTCA-23,10
CCACTACGTAGGAGTC-23,10
CTAGCCTAGGTGTGGT-23,10
CTTAGGACAGCTATTG-23,10
GACGGCTGTTCACCTC-23,10
GATGAGGCATAACCTG-23,10
GCGCCAAGTACCCAAT-23,10
GTTCTCGAGATACACA-23,10
AGCCTAAAGCATCATC-24,10
CCAGCGACATCCAACA-24,10
CTGCTGTTCTACTCAT-24,10
GTGCTTCAGATCTGAA-24,10
TAGTGGTAGGTGCTAG-24,10
TGCTGCTTCTCCAGGG-24,10
TTGACTTCAACGATGG-24,10
AGGTCATTCCGTTGTC-25,10
ATAAGAGCATAAAGGT-25,10
ATGCGATTCAACACGT-25,10
CCTAAAGAGGCATTGG-25,10
CCTTCGATCAGTTGAC-25,10
GCAGTTATCGTCTGCT-25,10
GGATTACCATCGGACC-25,10
GTCACGGGTACCGAGA-25,10
GTGCAGCTCCAGGGCT-25,10
TCAGCAAAGATCCCGC-25,10
TTAGGACCAGAGCCAA-25,10
TTCTCAAGTCAAAGAT-25,10
ACGGGCTCATGGGACA-26,10
CATTATCTCCTGTACC-26,10
CCTTCCCCAGCGAACA-26,10
CGTGTCTAGGCATGGT-26,10
GCACATAGTGCCTGGT-26,10
AGAGCGAGTGTGACCC-27,10
AGGGAGTGTTAGATGA-27,10
CACCACTCAACTGGCC-27,10
CAGCAGCCATGGTCAT-27,7
CATGACATCCTAAGTG-27,10
CCTCTGAGTTCAACCA-27,10
GTACTTTTCTGGTGTA-27,10
TCACAAGCAAGCGTAG-27,10
TCCACACGTACTCTCC-27,10
CGTGTAATCAACGGCC-28,10
CTCGTACAGTGTCCAT-28,7
GCATGCGCAGAGTGTG-28,10
TGGTTAGCAAATCCGT-28,10
TTCTCCTGTTCTCATT-28,10
AGTTGGTGTTGCCTCT-29,10
CGACTTCCATTGTGCA-29,7
CTAGCCTGTACAGTTC-29,10
GATGCTAAGCTGCAAG-29,10
GGCTCGACAGCTCGCA-29,10
GTCAAGTAGAGCTGGT-29,10
GTTACAGGTGCATCTA-29,10
TAAACCGAGGATTCGG-29,10
TACTTGTTCCGTTGTC-29,10
CACAGGCTCGGTTCGG-30,10
GCATGTAGTGAGCGAT-30,10
GTGCTTCGTAAACGCG-30,10
TGACGGCAGGACCACA-30,10
ATGGGAGCATTCTCAT-31,7
CAAGGCCTCACGAAGG-31,10
GCATGTATCTATGTGG-31,10
GGACAGAAGACGCAAC-31,10
GTATTCTTCACGAAGG-31,10
TCAGCAAAGAGTGAGA-31,7
TCTATTGTCAAACCAC-31,10
CGATGTATCCTCATTA-32,10
GACGTTACACATTCGA-32,7
GGTATTGGTATGGTTC-32,10
TAGGCATAGCCAGTTT-32,10
TGAGGGAAGATGCGAC-32,10
TGTGGTACATCAGTCA-32,10
ATCGAGTCAGGATCGA-33,10
CATCAAGCAATGACCT-33,10
CCGTACTCAAGCGTAG-33,10
CGAGCACCACAGCGTC-33,10
CTGAAACTCTCTAGGA-33,10
CTGATAGGTATATGGA-33,10
TGAGCATGTGCCTGGT-33,10
TGCGGGTCATGTAAGA-33,10
AACTCCCCACCAGGCT-34,10
CCTCTGAGTCTCTTTA-34,10
GAACCTAGTCTGCAAT-34,10
GTAGTCAAGCCCAGCT-34,10
GTCTTCGCAGTCGTGC-34,10
GTTTCTACATACTACG-34,10
TAGCCGGGTGAGTATA-34,7
TCTTTCCGTAAAGGAG-34,10
TTTACTGCACTGTCGG-34,10
CATGCCTTCCCATTTA-35,10
CTGCGGAAGTGTGGCA-35,7
GGTGCGTCATCCCACT-35,10
TCAATCTGTCCGTGAC-35,10
TGTGTTTGTCCCGACA-35,10
AGATCTGGTGCTTCTC-36,10
CACATAGGTAGCACGA-36,10
CAGCGACTCAACGGGA-36,10
CGTGAGCAGAGCTGGT-36,10
CTAACTTTCCATGCTC-36,7
CTGCCTAAGTGTACCT-36,10
TAGAGCTGTCTAGCCG-36,10
TATGCCCTCAGATAAG-36,10
TTTCCTCGTCTCTTAT-36,10
ACACCAAAGAATGTGT-37,10
ATCTACTAGACATAAC-37,7
CCTAAAGCAGCTCGCA-37,10
GCGAGAATCTGCCAGG-37,10
GCTGCTTAGCGAGAAA-37,10
GGTGAAGGTCTCACCT-37,10
GTATCTTGTTAGGGTG-37,10
TCAACGAAGATGAGAG-37,10
TTCTACAGTCTCTCTG-37,10
TTTGGTTAGGACATTA-37,10
AATCGGTGTCGACTAT-38,10
ACTGTCCTCTATCCTA-38,10
ATTATCCAGAGACGAA-38,10
CAGCAGCAGCAATATG-38,10
CCGTACTTCCAAGCCG-38,10
GACGTTACAACAACCT-38,7
GGGCACTAGTCTCAAC-38,10
GTCATTTCAGGTTTCA-38,10
GTTACAGAGGCAAAGA-38,10
TACCTTAAGAGGGCTT-38,10
TAGTTGGAGGGCTTGA-38,10
AACTCCCTCCAAACAC-39,10
ACACCAAGTATAGGGC-39,10
ACATGGTGTTTAAGCC-39,10
CAACTAGTCGCTAGCG-39,10
CCGGGATAGACAGAGA-39,10
CGCCAAGCACGGATAG-39,10
GAGCAGACAGGTCTCG-39,10
GTCAAGTTCGCCTGTT-39,10
GTCGGGTTCATGCATG-39,10
AGCAGCCTCTCCCTGA-40,10
AGTAGTCAGGAGTTTA-40,10
CGGAGTCCACGGTTTA-40,10
GCAATCAAGTGTCTCA-40,10
GCTGCGATCATGCTCC-40,10
GGACAGATCACCAGGC-40,10
GGCCGATTCCAGTATG-40,10
GGTGAAGCAAGCGCTC-40,10
GTATCTTAGATCTGCT-40,7
GTGTGCGGTAAACCTC-40,7
GTTTCTAGTGCGCTTG-40,10
TGTATTCTCACAACGT-40,10
ATCACGAAGACAGAGA-41,10
CAACCTCTCATCATTC-41,10
CATTCGCAGAGAACAG-41,10
CCAATCCGTAGGGTAC-41,10
CCTTCGAGTTCGTGAT-41,10
CGATGGCAGCGAAGGG-41,10
CGATGTAGTTATGTGC-41,10
CTAGTGACATGCCTAA-41,10
GCATGTAAGCGTTCCG-41,10
GCTCTGTAGTACGCGA-41,10
GTACTCCAGACTCGGA-41,10
GTCATTTCAGGACCCT-41,10
TAGTGGTAGAGCCTAG-41,10
TTCTCCTCAGTCCTTC-41,10
AAAGTAGCAAGGCTCC-42,10
AGTCTTTCAAGAAGAG-42,7
ATTGGTGCAAGGCTCC-42,10
CCACCTAGTGCTAGCC-42,7
CGATGGCAGCGGATCA-42,10
GACTAACGTGTTAAGA-42,10
GAGCAGACATCCCATC-42,10
GCTTCCACATTAGGCT-42,10
GTGCAGCGTTGTCTTT-42,10
TGCTACCAGGAGTTGC-42,10
TGTTCCGAGGCGTACA-42,10
AGCGGTCCAGATTGCT-43,10
CAACCAAGTCAATGTC-43,10
GACGGCTGTTATGTGC-43,10
GCTCCTACATGCGCAC-43,10
GTTCTCGTCCTATGTT-43,10
TCCACACAGTAGGCCA-43,10
ACATCAGTCAGAAATG-44,10
ACATGGTTCGCCGTGA-44,10
CGGACTGGTAGAGGAA-44,10
GTGCTTCGTGTGGTTT-44,10
TGAGAGGAGTGCGTGA-44,10
AACTGGTGTAAATACG-45,10
CCATTCGCACTAGTAC-45,10
CGATGGCGTCAATGTC-45,10
CTACACCAGGGTCTCC-45,10
CTACATTCAGTGGAGT-45,7
GGACAGAGTCATGCCG-45,10
GTGAAGGTCGTGGTCG-45,10
TGGCTGGGTACGCACC-45,10
AGAGTGGGTCTAGTCA-46,10
AGGCCGTAGACAATAC-46,10
GACCAATTCATCATTC-46,10
TACTTGTTCACCCGAG-46,10
TTCTTAGAGGATGTAT-46,7
AGCCTAATCATCTGTT-47,10
CCCTCCTCAAGAGGCT-47,10
CGTCAGGGTGGGTCAA-47,10
GGCCGATCAATAAGCA-47,10
TGCCAAACAATAGCAA-47,10
TTGCGTCAGACTTGAA-47,10
ATCCACCGTTCAACCA-48,10
ATGAGGGAGACAGGCT-48,10
CACACAAGTTTCGCTC-48,10
CACACTCCAAGTTGTC-48,10
CAGCTGGTCACCAGGC-48,10
CATGGCGAGGAGTTTA-48,10
CGAACATGTTATCGGT-48,10
CTCGGAGGTAAAGTCA-48,10
GGAATAATCATTGCCC-48,7
TGCCCATAGTAGGCCA-48,10
TGTCCCAGTGCGGTAA-48,10
AACTCAGCAAGCCCAC-49,7
CCTACACGTGTGACGA-49,10
GTTCTCGTCACGACTA-49,7
AAAGATGAGCAACGGT-50,7
AAGGTTCGTCTCTCGT-50,10
ACACCAACAATGAATG-50,10
CAAGGCCCAGGCTCAC-50,10
CCGTTCACAGATGGCA-50,10
CCTACACCAAGCGTAG-50,7
CGTAGGCCATTCACTT-50,7
CTAAGACTCAGGCCCA-50,10
GCTGCAGCACGGTAGA-50,10
TCAACGACAAGGCTCC-50,10
TCGAGGCCACGAAGCA-50,10
TGACAACTCCATGAGT-50,10
TGGTTAGTCCTAGGGC-50,7
AATCGGTTCACCTTAT-51,10
ACCAGTATCAGGCAAG-51,10
AGCTCTCCATGAACCT-51,10
CACACTCGTGGTACAG-51,10
CATCAAGAGTATCGAA-51,10
CGCTATCGTGGTCTCG-51,10
CGGCTAGTCGTTTGCC-51,10
GTCGTAACACGTCTCT-51,10
TCAATCTGTCCGTGAC-51,10
TCAGCAATCGTCTGCT-51,10
ACATCAGCAAGGCTCC-52,10
ACGTCAATCAATCACG-52,7
ATTACTCTCCAGAGGA-52,10
CAGCGACGTTGTACAC-52,10
CCTACCAAGTAGCGGT-52,10
CGATTGAGTGTATGGG-52,10
GACGTTATCATTTGGG-52,10
GACTGCGTCTTCGAGA-52,10
GCTTGAAGTACCGGCT-52,10
ACGATGTCACTCTGTC-53,10
ATTGGTGAGGCAATTA-53,10
CAAGGCCCACGCATCG-53,10
CGAACATGTGAGCGAT-53,10
CGATGGCGTTCAGGCC-53,7
CGTCTACCATTCCTCG-53,10
TATTACCTCTTCTGGC-53,10
TCAGGTAAGCCAGTAG-53,10
TCGGGACCAGTATAAG-53,10
TTCGGTCTCAACACCA-53,10
TTTACTGTCGTTTGCC-53,10
TTTCCTCCATTTGCTT-53,10
ATCATGGGTGTGCGTC-54,10
CCTACCAAGTCGTACT-54,10
CGAGCACAGGCAATTA-54,10
CGTGTAATCAACTCTT-54,10
CGTTCTGTCTTGTACT-54,10
GCTTCCAAGACAGGCT-54,10
GGGAATGTCTAGCACA-54,10
TACCTTAAGGCCATAG-54,10
TATGCCCTCAGTCAGT-54,7
TGCTACCGTGTTGAGG-54,7
TGGACGCGTCTGGTCG-54,10
AAGTCTGCAAGAAAGG-55,10
ACACCAATCGCTAGCG-55,7
ATAGACCAGACAGAGA-55,10
ATTGGACTCGGTCTAA-55,10
CGTCACTCAGGGTTAG-55,10
GCTGCGATCGCCAAAT-55,7
GTAACGTCACAAGACG-55,10
GTTAAGCCACGAAGCA-55,10
TCACGAACAGGACCCT-55,10
TCAGGATGTTAAGACA-55,10
TGACGGCCAATAGCGG-55,7
TGATTTCCATCGATTG-55,10
ACGGGCTCAAAGTGCG-56,10
ATTACTCTCATGCTCC-56,10
CCTATTATCCCGGATG-56,10
CGAACATAGTCGTTTG-56,10
GAGCAGAAGTCGCCGT-56,10
TAAACCGGTTTGGGCC-56,10
TCTCTAATCTCTGAGA-56,10
TGCCCTACATATACCG-56,10
TGGGCGTCATGGTCAT-56,10
TTCTCCTAGCGCCTTG-56,10
AGTAGTCAGGGTCGAT-57,10
CAAGAAAAGACCGGAT-57,10
CTGCGGAGTTGGAGGT-57,7
GACGTGCTCCTGCTTG-57,10
GGGAGATCACCGATAT-57,10
TCGCGTTAGTGTTTGC-57,10
TGATTTCAGCTAACAA-57,10
TGCCAAACATCTCGCT-57,10
AACGTTGGTAGTAGTA-58,7
ACATGGTCAATGGAGC-58,10
CAACCTCGTGTGGCTC-58,10
CGCTATCCATCCGTGG-58,10
CGTGAGCGTGGCGAAT-58,10
GACAGAGGTTGGTGGA-58,10
TCAGCTCGTAAGGATT-58,10
ACATGGTAGCTATGCT-59,7
CAGGTGCAGCGATAGC-59,10
CATGACAAGAGTAATC-59,10
CCATGTCGTAGCCTCG-59,10
CGAATGTCATGCTGGC-59,10
CTTCTCTAGATATGCA-59,10
GTCATTTGTAGCTCCG-59,10
GTCTCGTCAGGGTTAG-59,10
TCTCTAAAGTGACATA-59,10
TCTGGAATCGGAAACG-59,10
TGCGTGGAGGAATTAC-59,10
TTCGAAGAGATGCGAC-59,7
AACCGCGGTTTAGCTG-60,10
AGTAGTCTCCAGGGCT-60,10
CAGGTGCTCGCCGTGA-60,10
CGTTCTGTCACAGTAC-60,7
GACAGAGTCAACCAAC-60,10
GCAGTTAAGTGCGATG-60,10
GCGACCAGTGGAAAGA-60,10
GGTGTTACACAACGTT-60,10
TAAGCGTAGAAACGCC-60,10
AAAGTAGGTCCAGTGC-61,10
AAGCCGCCAAACGCGA-61,10
ACAGCCGGTAAACGCG-61,10
ACATACGTCACGCGGT-61,10
AGTGTCAGTTCGCTAA-61,10
ATCTGCCAGAATGTTG-61,10
CACATTTAGCGTGTCC-61,10
CACCACTAGGACAGCT-61,10
CGTGAGCTCAGCCTAA-61,10
CTGGTCTAGATGTTAG-61,10
GCTGCAGGTGGTGTAG-61,10
TCTTCGGAGGGATGGG-61,7
TGGACGCAGACTAGAT-61,10
TGGCGCATCGTTGCCT-61,10
AAAGTAGAGTCAAGCG-62,10
AGGGTGAGTTCCACAA-62,10
AGTGTCATCCATTCTA-62,10
ATAGACCGTAATAGCA-62,10
ATTGGTGGTTACCGAT-62,10
CAGCCGAAGTGGGTTG-62,10
CCTAAAGTCGTCCGTT-62,10
CTCTGGTAGGCTAGAC-62,10
GAAGCAGCATATGGTC-62,10
GCACTCTAGACTAGGC-62,7
GCGCGATGTTCAGGCC-62,10
GGCTGGTGTTCTGAAC-62,10
TCTCTAAAGCTGTTCA-62,10
TGCGTGGCACCAGGCT-62,7
ACGATACCATCGACGC-63,10
AGGCCGTCAGATAATG-63,10
CTCGTCACACCAGATT-63,7
TAAGAGACATGCTGGC-63,10
TAGTTGGGTTTGGGCC-63,10
AACTCCCAGCAGACTG-64,7
AATCGGTTCCACGTGG-64,10
CATTCGCGTGGCCCTA-64,10
CCGTACTGTGCACCAC-64,10
CGTGTCTGTAATTGGA-64,7
CGTTAGAGTCAATGTC-64,10
GAATGAAGTCGTGGCT-64,10
GCCAAATAGCCAGTAG-64,10
GGCCGATCAGGCTCAC-64,7
TCATTACCATAGAAAC-64,10
TCCACACTCACGGTTA-64,10
AACGTTGGTCAGATAA-65,10
ATCTGCCTCACGACTA-65,10
CTACACCCAGCAGTTT-65,10
CTCGGAGTCCGCATAA-65,10
CTCGTACGTCTCACCT-65,10
TAGAGCTCATGGTCTA-65,10
TAGAGCTGTCATACTG-65,10
TCAGGATGTTAAGACA-65,10
TCGCGTTTCGAGGTAG-65,10
TGGTTAGCATCCGGGT-65,10
ATAAGAGTCTGGAGCC-66,10
GATGAAAGTACTTGAC-66,10
TCTTTCCAGAGGACGG-66,10
ACAGCTATCTGAGTGT-67,10
ACATGGTAGGACCACA-67,7
CCATTCGCATTACGAC-67,10
CGAGCCAGTCGCCATG-67,10
CGCTTCATCATGTCCC-67,10
CGTCTACTCCTTCAAT-67,10
GCATGCGCATGAACCT-67,10
GTGGGTCTCGTTGACA-67,7
TCTTCGGGTGTTTGGT-67,10
TTTGGTTCACCTTGTC-67,10
CAAGATCAGTCGTTTG-68,7
CTCGGAGCACACAGAG-68,10
CTTGGCTGTACCAGTT-68,10
GACGTGCAGCGAGAAA-68,10
GGCCGATGTGAAGGCT-68,10
GTTCGGGCATGCCCGA-68,10
TACACGAGTAGCCTAT-68,10
TGGGAAGCACCTCGTT-68,10
TTTATGCAGTGGTAGC-68,10
ACACCCTTCACAATGC-69,10
AGAGTGGTCGGCCGAT-69,7
CAAGATCTCATAAAGG-69,10
CGGACTGGTGAAATCA-69,10
CGGAGCTGTCACCCAG-69,10
GGACGTCTCATTGCGA-69,7
GTGCTTCTCGAACTGT-69,10
AAGACCTAGTGCCAGA-70,7
AAGACCTCAAGCGTAG-70,7
ACGGGCTCAACACCCG-70,10
ACTGAACGTACCCAAT-70,10
AGCGTATCACATTAGC-70,10
AGTGAGGCATAAAGGT-70,10
CATCAAGTCATCACCC-70,7
CATCAGATCATGTCTT-70,7
CCTCTGATCAGCTGGC-70,7
CTCCTAGAGGACATTA-70,10
CTCGGGACACCGAAAG-70,7
CTGATAGCACGAAGCA-70,7
CTGTGCTGTGGTCCGT-70,7
GACGCGTGTCATGCCG-70,7
GACGTGCCACGCTTTC-70,10
GACGTGCGTGGGTATG-70,7
GCTCTGTTCCACGACG-70,7
GGACAAGTCTGCGGCA-70,10
GGACGTCTCATGTCCC-70,7
GGATGTTCATACGCCG-70,10
GGCAATTTCCAAGCCG-70,7
GGCGACTTCTTATCTG-70,7
GTACTCCGTTGCCTCT-70,10
TCTCATACATATGGTC-70,10
TCTCTAATCGCTTGTC-70,7
ACATACGTCCACTCCA-71,7
ACATCAGAGCTCCTTC-71,7
ACTGAGTCATCCAACA-71,7
AGCCTAATCGTCCAGG-71,7
AGTTGGTGTCAGATAA-71,7
CACACTCTCTTGTCAT-71,10
CATTCGCAGCGGCTTC-71,10
CCACCTATCATAGCAC-71,7
CCGGTAGAGTGAAGTT-71,7
CCGGTAGCACACAGAG-71,7
CGTAGCGCACGTGAGA-71,7
CGTGTCTAGATATGCA-71,10
CTAAGACGTCCGACGT-71,10
CTCACACAGACAAGCC-71,7
CTCCTAGTCGGTTCGG-71,7
GAACATCTCCTTTCGG-71,10
GACGCGTAGATCGGGT-71,7
GACTAACAGTTACCCA-71,7
GACTGCGTCTAAGCCA-71,7
GCAGTTATCCACGTGG-71,7
GCGGGTTGTAAGTAGT-71,7
GGATTACTCGCAAACT-71,10
GGCCGATTCGTCCGTT-71,10
GGTGTTACAGATCCAT-71,7
GTAACTGAGACTAGAT-71,7
TACTCATGTTCCACGG-71,10
TAGTGGTAGTGTCCAT-71,7
TCGGGACGTCGCGGTT-71,7
TGATTTCAGGGAAACA-71,7
TGCTGCTCAAGTCATC-71,10
TGGCCAGTCCAGTATG-71,7
ACGCAGCAGCTGATAA-72,7
ACGCCAGCAAGGTTCT-72,10
AGAGTGGTCGAACGGA-72,7
AGGGAGTTCGCCGTGA-72,7
CACCAGGGTTCGTCTC-72,7
CAGCCGAAGTGGCACA-72,7
CATCGGGCATTGGCGC-72,7
CCTAGCTAGAACTGTA-72,10
CGTCACTGTGTGACCC-72,7
CTACATTAGAGTACCG-72,10
CTAGTGAGTTTCGCTC-72,7
CTGTTTACATCCGCGA-72,7
GATCTAGGTATATGGA-72,10
GCTCCTAAGCTCCTCT-72,7
GTCGGGTGTGTTAAGA-72,7
TATCTCAGTAGCGCAA-72,7
TTAACTCCATTACCTT-72,10
TTCGGTCCACCAGGTC-72,7
TTGGAACCACTTCTGC-72,7
ACACCGGTCTCGCTTG-73,7
ACGGGTCCATAACCTG-73,10
ACTGAACTCCCGGATG-73,7
AGTGTCACACAAGACG-73,10
CAAGGCCCAGTGAGTG-73,7
CACCACTGTTCCGGCA-73,7
CATCGGGCAGTTTACG-73,7
CCATTCGTCTCGCTTG-73,7
CCTACCACACGGTAAG-73,7
CGGTTAATCAAACGGG-73,7
CTCACACTCGGCGCAT-73,10
GACCTGGAGTTGTCGT-73,7
GATGCTACAACTGGCC-73,7
GGAACTTAGCATGGCA-73,7
GGGATGAGTGATAAGT-73,7
GGGCATCAGATCCGAG-73,10
GTAGTCATCCCTAATT-73,10
GTCGGGTGTTAAAGAC-73,7
TCGCGAGAGTCGCCGT-73,7
TCGCGTTGTTCCACTC-73,7
TCTCATATCTGCTGCT-73,7
TCTGAGAGTCTGGAGA-73,10
TGCTGCTCACCAGGCT-73,7
ACATGGTAGCCCAATT-74,10
CAGTAACCATCCCATC-74,7
CCTACACCATGCCTTC-74,7
CGTCAGGGTAAGTGGC-74,7
CGTCTACAGCGCCTTG-74,10
CTGATCCTCACGATGT-74,10
GATCTAGAGACCTAGG-74,7
GATGAAACAAGCGAGT-74,10
GGACAGAGTTATTCTC-74,7
GGCTGGTCATCCGCGA-74,7
GGGAGATCAAGACACG-74,7
GGGATGACAAACTGTC-74,7
GGGTCTGCAAGTAGTA-74,10
GTACTTTGTCTTTCAT-74,7
TACGGTAAGGGCACTA-74,7
TCCACACCAAGCGAGT-74,7
TGCCCATCAATCTACG-74,7
TTAGGACGTACCGGCT-74,7
ACGGGTCTCAGTCCCT-75,7
ACTTACTAGATCGGGT-75,10
ACTTTCACAGCCTATA-75,10
AGAGTGGCAGCTTCGG-75,7
AGCTCCTAGTGCCATT-75,7
CAACCAAGTGAGTATA-75,10
CAACCAATCGCTTAGA-75,7
CACACAAGTATAGTAG-75,7
CACATTTTCCCAGGTG-75,10
CCAATCCGTTATTCTC-75,10
CCACGGAGTCTCCACT-75,7
CCTCTGATCGGCCGAT-75,7
CGAGAAGCACCTGGTG-75,10
CGATGGCAGCGATATA-75,7
CGATGGCCATACGCCG-75,7
CTCGTACTCTTCCTTC-75,7
CTGCTGTAGGAGTCTG-75,7
GATGAAAGTCATTAGC-75,10
GCGACCAAGAACAATC-75,7
GGGATGAGTGCAGTAG-75,7
GGGCATCAGGTGATAT-75,10
GGTGTTAGTAAGTAGT-75,7
GTAACGTGTACATCCA-75,7
TCGCGAGTCAGATAAG-75,10
TCTTTCCCACGTTGGC-75,10
TGCTACCCAATAACGA-75,7
ACACCAACACCAGTTA-76,7
ACACCAAGTGCTGTAT-76,10
ACATGGTGTATAGGTA-76,7
ACCCACTGTTCGCGAC-76,7
AGAGCTTGTTAAGATG-76,7
AGTCTTTCAAACCCAT-76,7
ATCCACCGTAGGGTAC-76,10
ATGTGTGAGAGTTGGC-76,7
CAAGAAAAGAAACCGC-76,7
CATCGAATCATTCACT-76,10
CCATTCGAGCACGCCT-76,7
CCCATACTCGTACCGG-76,7
CCTATTAAGACAGACC-76,7
CGGACGTCATGTCGAT-76,7
CTAAGACTCACATAGC-76,10
CTACATTCAACGCACC-76,7
CTGAAGTCAGTATAAG-76,7
GTCACAAAGAAACCAT-76,7
TGCCAAATCTCGTTTA-76,10
TTAGGACTCGGCCGAT-76,10
TTCCCAGAGCGTAATA-76,7
AAATGCCTCAACCAAC-77,10
AATCCAGTCAGGTTCA-77,10
ACGCAGCCAACTGCTA-77,7
CAAGATCGTAAAGGAG-77,7
CAGAATCAGAAGGACA-77,7
CAGCTGGAGGGTTCCC-77,10
CATCGGGCAGGAATCG-77,7
CCGGTAGTCATCACCC-77,7
GACGCGTGTTAAGTAG-77,7
GACGTGCTCTCGTTTA-77,7
GAGGTGAGTCCAAGTT-77,7
GATTCAGGTGCAGGTA-77,10
GCTGCTTGTCCCTACT-77,10
GGATTACCAAGCCTAT-77,7
GTCGTAAAGCTGCGAA-77,7
GTTCGGGAGAGAGCTC-77,7
TCACGAAAGGGCTTGA-77,7
TCAGCAACATTCCTCG-77,7
TTCTACACAAGTCTGT-77,7
TTGACTTGTCGGGTCT-77,10
AAATGCCAGAAGATTC-78,7
ACCAGTAGTTTGTGTG-78,10
ACTGAACTCGAATGCT-78,10
ACTGATGTCACCTCGT-78,7
AGAATAGGTTCGAATC-78,7
CACTCCAAGGCAATTA-78,7
CATGCCTTCGTCGTTC-78,7
CCTTACGAGATCACGG-78,7
CGAACATGTTATTCTC-78,10
CGACTTCTCGAACGGA-78,7
CGCCAAGTCCCAGGTG-78,7
CGGACGTCAGATGAGC-78,7
GCAAACTAGGGAAACA-78,10
GCGGGTTCACCTCGTT-78,7
GGACAGAAGTAGTGCG-78,10
GTTCTCGGTAACGCGA-78,7
TAGACCATCCGTCAAA-78,7
TCTCTAAGTCCAGTAT-78,7
AATCCAGGTAATCGTC-79,7
AGGCCGTCATGGTCAT-79,7
AGGGAGTTCATGTCCC-79,7
AGTGAGGCATACTCTT-79,10
ATCCACCAGTTCGCAT-79,7
ATTGGACTCAACGGGA-79,7
CAACCTCAGTCGATAA-79,7
CAGAGAGCAGCATACT-79,7
CCTTACGCATATGAGA-79,10
CTCGTACGTGCGATAG-79,7
CTTCTCTGTGGTACAG-79,7
CTTCTCTTCCGGCACA-79,7
GACCAATAGAGTCGGT-79,7
GATCAGTAGTGTTTGC-79,7
GTGCATAAGTCGCCGT-79,7
ACTGAGTAGGCTATCT-80,7
AGACGTTTCGAGGTAG-80,7
AGCCTAATCCAAGCCG-80,7
AGCGTCGTCATTGCCC-80,7
AGGGTGAAGCAGCCTC-80,7
AGTGAGGGTTTCGCTC-80,10
AGTGGGAAGATAGTCA-80,7
ATAGACCAGTTCGATC-80,7
ATCACGAAGAAAGTGG-80,10
ATGAGGGAGTGGGCTA-80,7
CACTCCACAGGCTGAA-80,7
CATGCCTGTTAAGACA-80,10
CGATCGGAGTACACCT-80,7
CGCTTCAAGAATTCCC-80,7
CGTGTAAAGAATGTTG-80,7
CTCGGGAGTTACGCGC-80,7
GATGCTAAGCCCTAAT-80,10
GGATGTTTCTTCCTTC-80,10
GTCTCGTCACACAGAG-80,10
TATCTCAGTGAAAGAG-80,7
TCATTACAGAGTCTGG-80,7
TCTTTCCGTTACGACT-80,7
TGACGGCGTACGCACC-80,10
TGTATTCTCCTTAATC-80,7
TTCCCAGAGTGGAGTC-80,7
AACCGCGGTAGTACCT-81,7
AAGTCTGTCCTTCAAT-81,10
ACCAGTACAAATCCGT-81,7
AGCTCCTTCCTAGGGC-81,7
AGTGAGGCATACGCCG-81,7
ATAACGCGTAACGCGA-81,7
CCGTACTAGAGGGATA-81,10
CCGTACTGTCCGAGTC-81,7
CGCGGTACAGACAAGC-81,7
CGGACGTGTGTGAATA-81,7
CGTCACTAGGCAAAGA-81,7
CGTTCTGTCAGGTTCA-81,10
CTCTAATTCATAACCG-81,7
CTTCTCTCATGGTCTA-81,10
GAGCAGACACACGCTG-81,7
GAGTCCGTCGCGATCG-81,10
GCATACACACTGCCAG-81,10
GCCAAATCACAAGCCC-81,10
GCGACCACAGCGTCCA-81,7
GGCTCGATCTAACTTC-81,7
GGCTGGTTCGCCTGAG-81,7
GTACGTATCACCATAG-81,7
TAGCCGGGTTCGTGAT-81,7
TATGCCCCACGCGAAA-81,10
TCTCATAGTTTAAGCC-81,10
TGGACGCGTCCATGAT-81,7
TGTGGTAGTGGCGAAT-81,10
TTCGGTCAGCTCAACT-81,7
TTGAACGCACAAGACG-81,10
AAATGCCCACGGCTAC-82,10
AACGTTGGTACCGGCT-82,7
ACATCAGCAGTAAGAT-82,10
ATAACGCCATTTGCCC-82,7
ATCCACCGTACCGCTG-82,10
CAGCGACGTCTGCAAT-82,10
CCACGGATCTCGAGTA-82,10
CCGTTCACACTCGACG-82,7
CGACCTTAGGCCATAG-82,7
CGGGTCATCGCCAAAT-82,10
GAATGAATCCGCATAA-82,7
GGCCGATAGGGATCTG-82,7
GGTGTTAAGGACAGAA-82,10
GTACTCCTCTGCTGTC-82,7
GTTAAGCCATTTCAGG-82,7
TACCTATTCACGACTA-82,10
TGCCAAAGTATGGTTC-82,7
TGCTGCTCATTCCTCG-82,7
CACACCTAGTACACCT-83,7
CAGCTAAAGGCATGTG-83,7
CCTCTGATCGTCCAGG-83,7
CCTTCCCGTCCTGCTT-83,7
CCTTCGACAAGCGCTC-83,10
CTTACCGTCTGCAGTA-83,10
GAAACTCCATGCCTTC-83,10
GATGAGGTCGGCATCG-83,7
GGGAATGCAGCTTAAC-83,7
GTATTCTCACACATGT-83,10
TCATTACCACGGTTTA-83,10
TGACGGCTCCTATGTT-83,7
TGGACGCTCACCCTCA-83,7
TGGCTGGTCAGGCCCA-83,10
TTAGGCATCTGAGTGT-83,10
TTTGTCAAGCTAGCCC-83,7
AACCATGGTTGAGGTG-84,7
AACTCCCCATTCGACA-84,7
ACATACGTCTTACCTA-84,7
ACTTACTGTTCGAATC-84,10
AGCCTAAAGAGCTTCT-84,7
CAAGGCCGTAGGAGTC-84,10
CAGCTGGAGGGCTCTC-84,7
CATATGGCAGCTTCGG-84,7
CCTTCCCAGTGCTGCC-84,7
CGATGTAGTCTAGTCA-84,7
CGGAGCTTCCACTCCA-84,7
CGTTCTGAGAATCTCC-84,10
CTAGTGAAGGAATTAC-84,7
CTAGTGAGTGATGTGG-84,7
CTCGGGACAATAACGA-84,10
GAAGCAGGTAGCTTGT-84,7
GACTGCGGTTACTGAC-84,10
GCATACACATGATCCA-84,10
GCATGATTCTGTCTAT-84,7
GCGACCAGTTAAAGTG-84,7
GTGTTAGCACCGCTAG-84,7
TCAGATGGTACCATCA-84,7
TCAGATGGTCTCACCT-84,7
TCCCGATTCCTCAACC-84,10
TCGGTAATCTGTCAAG-84,7
TCGGTAATCTTGAGAC-84,7
TGTCCCAAGACGCAAC-84,7
TTAGGACAGTTATCGC-84,7
AACACGTTCAACGGGA-85,7
ACGCAGCGTTAGAACA-85,10
ACGCAGCGTTCCTCCA-85,10
ACTGTCCAGACTAAGT-85,10
AGAGCTTAGTGTACTC-85,7
AGATCTGAGCAAATCA-85,7
AGCGGTCCAGACAAAT-85,7
AGTAGTCGTCCATGAT-85,7
ATCCACCAGCACCGCT-85,7
ATTTCTGAGCAACGGT-85,7
CATGGCGGTACTTGAC-85,10
CCATTCGGTGTCAATC-85,7
CGGCTAGTCAAGGTAA-85,7
CTAACTTAGATTACCC-85,7
CTACCCATCGTCACGG-85,7
CTCATTAGTGCTGTAT-85,7
GAAGCAGAGAGAACAG-85,7
GACGCGTGTCATCGGC-85,7
GACTGCGGTGAAAGAG-85,10
GCACATACAGTGGAGT-85,7
GTACGTACACTTCTGC-85,10
TGAGGGAGTAGAAAGG-85,7
TGGCTGGTCTGGTGTA-85,7
TGTATTCGTCCAGTGC-85,10
AAATGCCGTTAAGAAC-86,7
ACGAGCCAGATGTAAC-86,10
ACTGATGGTCATATGC-86,10
CAAGAAATCTACCAGA-86,7
CACTCCAAGACTAGAT-86,10
CAGAATCGTTTGACTG-86,10
CCCATACAGCTACCGC-86,10
CGATGGCAGCTGCGAA-86,10
CTAAGACCAACTTGAC-86,7
CTAGAGTAGCGAGAAA-86,10
CTCGGGACAAGCTGGA-86,7
CTTAACTCAGGAATCG-86,7
GACTGCGCACAGTCGC-86,7
GATGAAAAGCTCCTCT-86,7
GCTGCGAGTGTGTGCC-86,7
GGAATAACATATGGTC-86,7
TAAGTGCGTTACCAGT-86,10
TACCTTACACCTTGTC-86,7
TCAGATGGTAATCGTC-86,7
TCTTCGGAGGGCTTCC-86,7
ACACCGGAGGCAATTA-87,7
AGCATACAGAGCCCAA-87,10
AGGGAGTTCAGGCCCA-87,7
AGGTCATAGACAGGCT-87,7
AGTGGGACAAGCGAGT-87,7
CATTCGCAGTGTGGCA-87,7
CCACGGATCCGTCAAA-87,10
CCGTACTAGACTTGAA-87,7
CGAACATAGTGCCATT-87,10
CTAATGGCAATCTGCA-87,10
CTACCCACAGCCTTGG-87,7
GACGCGTCACATGTGT-87,10
GCTGCAGAGACTGGGT-87,10
GTAACTGTCCGCGGTA-87,7
GTCTTCGGTATGCTTG-87,10
TATGCCCAGCTAACAA-87,7
TCGCGAGGTATAGGGC-87,7
TGACAACCATGGGACA-87,7
TTGCCGTTCCGCAGTG-87,7
TTGGAACTCTGGCGTG-87,7
AACTTTCGTCTCTCTG-88,7
ACGATACGTCGAATCT-88,10
ACGATGTGTATGGTTC-88,10
AGAGCGACACCAACCG-88,10
CACACTCAGAAACGAG-88,7
CACACTCGTACCGAGA-88,10
CACATTTAGCCACGTC-88,10
CATCAGATCTATCCTA-88,10
CGGCTAGAGTATTGGA-88,10
CGGGTCAGTTCAGTAC-88,7
CGTCCATGTTGTGGAG-88,10
CTCTGGTGTAAATACG-88,10
CTTCTCTGTACTCTCC-88,7
GAAGCAGAGATCCGAG-88,7
GAATAAGCAGCATGAG-88,7
GACGCGTGTGTTGAGG-88,7
GTATTCTAGGCTCTTA-88,7
TAGCCGGAGGATGGTC-88,10
TCTATTGTCTCTGTCG-88,7
TGGTTCCGTAAGCACG-88,7
TTCTCAAGTAGGACAC-88,7
ACGGCCAGTCGCGAAA-89,7
ATAAGAGAGCTAGGCA-89,10
ATCATGGCAGTGACAG-89,7
CAGCTAATCTCGTATT-89,7
CATCAGAAGATCTGAA-89,7
CATGACACAATACGCT-89,10
CTCGAGGAGGTTACCT-89,10
CTTTGCGCACGACTCG-89,10
GACTAACCAGCGTTCG-89,7
GATCAGTGTCAGGACA-89,7
GATCGATCAGTCAGCC-89,7
GCACTCTCACGCTTTC-89,7
GCACTCTGTATTACCG-89,10
GGGTTGCAGGTCGGAT-89,7
AACCGCGTCTTACCTA-90,7
ACGAGGACAGCGTAAG-90,7
AGGTCCGCAGGACGTA-90,7
CACATAGCATACTACG-90,10
CGTTGGGAGCTGTCTA-90,10
CTCGAAACACAACGTT-90,10
CTGCGGAGTACATCCA-90,10
CTTGGCTAGTCAAGGC-90,7
GACAGAGTCCACGTGG-90,10
GAGGTGAGTCTGCAAT-90,7
GCATGATTCAGTCCCT-90,7
GGCTGGTAGCGCCTCA-90,10
GGGCACTCATGCTGGC-90,7
TAGAGCTAGTTATCGC-90,7
TATCTCATCCGAATGT-90,7
TCACAAGCAGCCAGAA-90,10
TCACGAAGTTATCCGA-90,7
TCGAGGCTCAAGAAGT-90,10
TCGTAGATCAACTCTT-90,7
TGACTAGGTAGGGACT-90,7
TGCCCATGTTAGGGTG-90,10
TGCTACCAGTAGCGGT-90,7
TGGCGCACAGGTTTCA-90,10
TTAGTTCAGCTGTTCA-90,7
ACTGATGAGGACGAAA-91,7
AGCTTGACATTAGCCA-91,10
AGTCTTTCACTTCTGC-91,10
CAGCTGGGTCCTGCTT-91,10
CATCGGGTCAACCAAC-91,7
CGCTATCGTACATCCA-91,10
GACAGAGAGCGCTCCA-91,7
GACGCGTTCAGTTAGC-91,7
TAGTTGGTCTGTGCAA-91,7
TCTCTAAGTCTCATCC-91,7
TGGCCAGCAATAAGCA-91,7
TTGGAACCAGCTGGCT-91,10
TTGGAACTCATACGGT-91,10
ACTGCTCGTGCCTGGT-92,7
CACACCTGTCCTGCTT-92,7
CACATAGTCTGATTCT-92,10
CCTAAAGAGTTCCACA-92,10
CCTCTGATCGGAAACG-92,7
CGTGTCTGTGTTTGTG-92,7
GACTACACATATACGC-92,7
GATGAAACAGGCGATA-92,7
GATGAAACATCGGACC-92,7
GCGACCATCTTTACGT-92,10
GCGCCAATCTGACCTC-92,7
GCTCTGTCATCTATGG-92,7
GGCTGGTCAAGTAGTA-92,7
GGGACCTAGGATGGAA-92,10
GGGAGATTCGCTAGCG-92,10
TAGTGGTGTCTCCCTA-92,7
TATCTCAAGATACACA-92,7
TCAGCAATCCATGAAC-92,10
TGACTTTGTGACCAAG-92,7
TGAGCATGTGTTAAGA-92,7
TGCCCATAGAGTGACC-92,10
TGTTCCGTCTGAGTGT-92,7
AAATGCCCACTCGACG-93,7
ACTGCTCAGACAGGCT-93,7
ATGCGATAGGGATGGG-93,10
ATTGGACCATGCATGT-93,7
CAGCAGCTCCTAGTGA-93,10
CAGTCCTGTAAGTGGC-93,7
CATCAGAAGACACTAA-93,7
CCCATACCACTTAAGC-93,7
CGTCTACGTCCAAGTT-93,7
CGTTCTGAGTCCATAC-93,7
GAGTCCGAGCGGATCA-93,7
GTGCATATCATGCAAC-93,7
TCAGCTCAGGCAGGTT-93,7
TCGGGACTCATAACCG-93,7
TGCGGGTAGAGCTTCT-93,7
ACGAGGAGTAGCCTAT-94,7
ACTGATGCATTCTTAC-94,7
AGGGATGCAGTTCATG-94,7
AGTCTTTCAGTGACAG-94,10
AGTGGGAAGCAAATCA-94,10
ATCTACTAGTCTCGGC-94,7
CACACTCAGTCATGCT-94,7
CCTATTAAGTTCGATC-94,7
CTAAGACCAATGAATG-94,10
CTACGTCGTACCCAAT-94,7
CTTGGCTAGGGCACTA-94,10
GATCAGTAGACGACGT-94,10
GCGCAGTTCGCGTAGC-94,7
GGCGTGTCATCGGTTA-94,7
TAGTGGTTCATCTGCC-94,7
TCGGTAACACGTTGGC-94,7
TCTGGAATCTTCAACT-94,10
TGCACCTCAACACCTA-94,7
TTTCCTCTCCGCAAGC-94,7
ACCCACTAGGCTAGCA-95,10
ACGCCGACATTACGAC-95,7
ACTATCTTCATTCACT-95,10
AGCGGTCCAGGGTACA-95,7
AGCTCTCTCTGACCTC-95,7
CAAGAAAAGTTGTCGT-95,7
CCCAATCGTAATCGTC-95,7
CGATTGACATGTCCTC-95,10
CGTGTAAGTACATCCA-95,7
CTAGAGTGTCCCTACT-95,7
CTGAAGTGTCAAAGCG-95,7
GCGACCAGTGTGAAAT-95,7
GCGACCATCTTGACGA-95,10
GGCTGGTGTGCAGTAG-95,7
GTCATTTTCTGCCCTA-95,7
TGGCCAGAGCTACCTA-95,7
TTCGAAGCACATTCGA-95,7
AAGGCAGCAAGAGGCT-96,7
AAGGTTCGTTGTGGAG-96,10
ACCTTTACACTGTCGG-96,7
ACTGTCCCATCGGAAG-96,10
AGCCTAAGTATTAGCC-96,7
CACAAACGTGCCTGTG-96,10
CACCAGGTCGTTACGA-96,7
CATTATCCACGTCAGC-96,7
GAACCTAGTAGGAGTC-96,7
GCATGTAAGCGTTTAC-96,7
GCGCAACTCAACACCA-96,7
GTAGGCCGTACCGGCT-96,7
GTCTTCGCACACCGCA-96,10
GTGCTTCAGTGACTCT-96,10
TCATTACGTCTTCAAG-96,10
TGGGCGTAGTTAAGTG-96,7
CAGAATCAGCAGCGTA-97,7
CATCCACGTCGAAAGC-97,7
CCAGCGACACGCTTTC-97,7
CGAACATTCGGGAGTA-97,7
GCGCCAACAATCGGTT-97,7
GGAACTTGTTACGTCA-97,10
GGGAATGCATCCAACA-97,7
GTTAAGCGTTTGACAC-97,7
TAGAGCTTCAACGGGA-97,10
TCATTACGTACGCTGC-97,10
TGAAAGAAGGTGCACA-97,7
TGATTTCGTTGGAGGT-97,10
TGTTCCGTCACCTCGT-97,10
TTGGCAAAGTCTCAAC-97,10
ACACCGGGTGAAATCA-98,7
ACACTGACACACCGAC-98,7
ACTATCTCACCAGGTC-98,7
AGAATAGCAAAGCAAT-98,7
ATGGGAGGTCTAGTGT-98,10
CATATTCGTGGCGAAT-98,7
CCACCTAAGTGCCAGA-98,7
CCCAGTTCAAATTGCC-98,10
CCTCAGTGTTTGGCGC-98,7
CGTCAGGTCGTACCGG-98,7
CTCCTAGGTCACACGC-98,7
GACGTGCTCAGGCCCA-98,10
GATCTAGTCTTCCTTC-98,7
GATGCTAGTTGGACCC-98,10
GGAATAAGTAAACACA-98,7
GTAGGCCCAAGAGGCT-98,7
GTTCTCGGTCGTCTTC-98,7
TACGGATCACTACAGT-98,7
TAGAGCTTCAGAGGTG-98,7
TCTTCGGTCACATACG-98,10
ACATCAGAGTGGTAGC-99,7
ACGAGGACATGGATGG-99,7
AGGGATGAGCACCGTC-99,7
AGGGATGGTGTGGCTC-99,7
CCTAGCTTCGCGGATC-99,7
CGTGTCTGTACCGCTG-99,7
CTACACCGTAGCTGCC-99,7
CTCCTAGCATCTATGG-99,7
CTGCCTAAGGCGATAC-99,7
GATGAGGAGACATAAC-99,10
GGGACCTAGGCTACGA-99,10
GGGCACTCAATGAAAC-99,7
GTCTCGTGTAAGTTCC-99,10
GTTTCTAGTCAAACTC-99,10
TCTCATACAGGTTTCA-99,7
ACACTGAGTCATATGC-100,10
ACGGAGAGTAGATTAG-100,7
AGATCTGAGTTAACGA-100,7
CACAAACGTCAAAGCG-100,7
CACATAGGTCAGAAGC-100,10
CGAGCACTCTACCTGC-100,7
CGCTGGAGTCACTTCC-100,7
CTACATTCAATTCCTT-100,7
GGAACTTAGGTTCCTA-100,10
TAAGAGAGTACCATCA-100,7
TATTACCCAAAGAATC-100,10
TGGCCAGTCCTTTCTC-100,7
AAACCTGAGGACACCA-101,10
AACTCCCTCTTGTTTG-101,10
AACTCTTAGGGAACGG-101,10
AAGTCTGCACAGATTC-101,7
AGCGGTCCACCGAATT-101,7
ATCATGGGTCGTTGTA-101,7
ATTATCCAGCGATATA-101,7
ATTCTACTCCGCGTTT-101,10
ATTGGACAGGAGTAGA-101,7
CCCAATCCAGGACCCT-101,7
CCTACCAAGCGTAATA-101,7
CGTCACTCAAAGAATC-101,10
CTAGAGTGTGTAACGG-101,7
CTGGTCTGTCCGTGAC-101,7
CTGTTTACACCAACCG-101,7
CTTACCGAGGCTAGGT-101,10
GATCAGTAGGTCATCT-101,7
GTAACGTCAGTCCTTC-101,7
GTCATTTTCTCTAGGA-101,7
GTGTTAGCAGTCAGAG-101,7
GTTCATTGTTGGTAAA-101,7
TAAGTGCCAATAAGCA-101,7
TAAGTGCTCTTCCTTC-101,10
TAGGCATCAAGTACCT-101,10
TCTTCGGTCTCGATGA-101,10
TGAAAGATCTGGGCCA-101,7
TGCCCTATCTACGAGT-101,7
TGCTACCAGCTAGTCT-101,7
TTTGCGCGTTCTCATT-101,7
ACTATCTGTTCGTGAT-102,10
AGCCTAATCAAGCCTA-102,10
AGTTGGTCATTTGCTT-102,7
ATCCGAAGTTTAGCTG-102,7
ATGAGGGTCAAACGGG-102,7
CACCAGGTCCGCTGTT-102,7
CATGCCTGTATATGAG-102,7
CGCTGGACAACCGCCA-102,10
CTGGTCTAGCGATGAC-102,10
GACGCGTCATCCTTGC-102,10
GCAGCCAGTCTCCACT-102,7
GTACGTATCCAGTAGT-102,7
TATCTCAGTCACCCAG-102,7
TCCACACTCTGCGGCA-102,7
TTCTTAGAGCTAGTCT-102,7
ACGATGTTCCGCATCT-103,7
ACTTACTGTATCACCA-103,7
AGAGCGATCTCTGCTG-103,7
AGCGGTCTCTGGGCCA-103,7
AGTAGTCAGGGAGTAA-103,7
AGTAGTCCACTCTGTC-103,7
CCGGTAGGTCTAAACC-103,7
CGAGAAGTCGAATGGG-103,7
CGGGTCATCGGCGCAT-103,10
CTACATTAGCTAAGAT-103,10
GATTCAGGTGTGACCC-103,7
TAAGAGACATATGGTC-103,10
TACGGATTCGGCGCAT-103,7
TACGGGCTCCTCGCAT-103,7
TCTCTAACACGCTTTC-103,7
TGACGGCCAGCTATTG-103,7
TGCGCAGTCCCGACTT-103,10
TGTGTTTAGAGGTTAT-103,7
AAAGTAGCAGCTGTAT-104,10
AAGTCTGAGAGGTTAT-104,7
AATCGGTCAATGTTGC-104,7
ACTATCTGTTGACGTT-104,7
ATAAGAGCAATGACCT-104,7
ATTACTCCATTTCAGG-104,7
CAAGAAAAGCCACTAT-104,10
CAAGTTGCAGAGCCAA-104,7
CATGACAGTCTACCTC-104,7
CGCCAAGTCGAACTGT-104,10
CGTCTACGTAATCGTC-104,7
CGTTAGACATGGGACA-104,10
CTACACCGTATAGGGC-104,7
CTCGGAGCAGCTTCGG-104,7
CTGCCTAAGTGTGGCA-104,7
GACGTTACATCGGACC-104,7
GCTTCCACACTGAAGG-104,7
GGGAATGCATGGGAAC-104,7
GGGAATGTCCACGTTC-104,10
TCAGGATGTGATGATA-104,7
TCGTAGACATCGGACC-104,7
TGTGGTAGTTTGTGTG-104,7
ACATCAGTCAGATAAG-105,7
ACGAGGATCGTGGACC-105,7
CACATTTCAGAGCCAA-105,7
CACCTTGTCTTGTATC-105,7
CCGTTCATCGTTTAGG-105,10
CGGCTAGAGTGCCATT-105,10
CTCCTAGGTATCACCA-105,7
GAAACTCGTGTCAATC-105,7
GAACCTAGTGGTCCGT-105,7
GACGCGTTCCAGAAGG-105,7
GCATACAGTTCATGGT-105,7
GGGAGATAGTGGAGTC-105,7
GTGCATAGTCTTGTCC-105,7
TCGCGAGAGAAACGCC-105,7
TTAGGCAGTTCACGGC-105,10
AACTGGTAGGTTACCT-106,10
ACACTGACAGTGACAG-106,7
ACATACGTCACCGGGT-106,10
ACGATACTCGACAGCC-106,7
CAGAATCTCAGCTCGG-106,7
CGCGTTTCACGGTGTC-106,10
CGCTGGACACGAAGCA-106,7
CTCACACTCTGCTGTC-106,10
GATCGCGCAATAACGA-106,7
GCGCAGTTCAGCCTAA-106,7
GGTATTGCACTCTGTC-106,7
GTACGTAAGGGCTTCC-106,7
GTAGGCCCACCAACCG-106,7
TACTCGCAGATTACCC-106,7
TACTTGTTCCTAAGTG-106,7
TTTGCGCGTAGCTAAA-106,10
AATCGGTGTGCCTGGT-107,7
ACAGCCGTCTTGTATC-107,7
ACTTACTAGGATGTAT-107,10
AGTTGGTTCGCGATCG-107,7
ATGGGAGTCAACGCTA-107,7
CAACCTCGTAAATGTG-107,7
CACTCCACATGGAATA-107,7
CTGATAGCAGCGAACA-107,7
CTGTGCTAGAAACCGC-107,7
GCGCAACTCAGATAAG-107,10
GTAACGTAGGCTATCT-107,7
TGAGCATGTCTAGCCG-107,7
TTCTACAGTCGCATAT-107,7
ACGAGCCAGCAGATCG-108,7
ACGGGTCGTTGTGGCC-108,7
ACTATCTCACGGACAA-108,7
AGACGTTGTGATGCCC-108,10
AGAGCGACATGCTGGC-108,7
AGGGTGATCTCGGACG-108,7
CGACTTCTCGTTGACA-108,10
CGGACACGTACTCAAC-108,7
CGTTAGAAGCGAAGGG-108,7
CTCTAATGTCTCTTAT-108,7
CTTAACTGTCCAGTGC-108,7
CTTTGCGAGGTGATAT-108,7
GAACCTACACAACGTT-108,7
GCATACAGTAACGCGA-108,10
GTAGGCCAGGGCTTCC-108,7
GTAGGCCCAAAGCAAT-108,7
GTAGTCAGTCATGCCG-108,7
GTGGGTCGTTAGTGGG-108,7
GTGTTAGAGGCAATTA-108,7
TACTCATCAGGGTACA-108,7
TCACGAAAGCGGATCA-108,10
TCGTAGATCTGTCAAG-108,10
TGCCCTACACTAGTAC-108,7
TTCGAAGAGTGGGATC-108,10
TTCGGTCGTGGGTATG-108,7
AAGGCAGTCTGAGTGT-109,7
ACATCAGAGTGTCTCA-109,7
ACCGTAACAAGCTGGA-109,7
ATAAGAGCAGGTTTCA-109,7
CACAGTATCAAAGACA-109,7
CACATAGTCTGCGACG-109,7
CAGGTGCGTCTAGTCA-109,7
CGATTGAGTAGGGTAC-109,7
CGATTGAGTTCAGCGC-109,10
CGCTGGAAGCCTCGTG-109,10
CGCTTCAGTTTAAGCC-109,7
CGTGAGCTCGTGGACC-109,7
CGTTAGACAAGCGTAG-109,10
GACAGAGCATGACATC-109,7
GCCTCTACAAATACAG-109,7
GCTCCTACACATCCAA-109,10
GGATGTTGTCCGACGT-109,7
GGCAATTTCACGACTA-109,10
GGTGCGTTCAAGATCC-109,7
GTCAAGTAGATAGTCA-109,7
GTCAAGTTCCCAGGTG-109,7
GTGAAGGGTATGGTTC-109,7
GTTTCTAAGTGGGTTG-109,7
TACGGGCAGTGTCCAT-109,7
TACGGTACAACCGCCA-109,7
TCGCGAGTCGTTACGA-109,10
TGAGGGACAGACGTAG-109,7
TTGGAACTCTCGCATC-109,10
ACAGCCGGTTACTGAC-110,7
ACAGCTACAAGCGCTC-110,7
AGCGTATTCAAGGTAA-110,10
AGTGAGGCAAGACGTG-110,7
AGTGTCAGTGGTTTCA-110,7
CAGGTGCTCCTCTAGC-110,10
CAGTCCTAGGGTATCG-110,7
CATCAGACAATCTACG-110,7
CCTACCAAGTGTACTC-110,7
GGAAAGCGTGAGTGAC-110,10
TACACGAAGGTGATAT-110,10
TGCTACCTCTCTGAGA-110,7
TGGCTGGGTTATCGGT-110,7
AAACGGGCAATGGTCT-111,10
AAACGGGCAGGTGGAT-111,10
AACCGCGTCCCTAACC-111,7
ACACCAACATAACCTG-111,7
ACGCAGCAGATGTGGC-111,10
ACTGAACCAATGAAAC-111,7
AGAATAGCATGCCTTC-111,7
AGCTCTCAGAATTCCC-111,7
AGGTCATGTGAGGCTA-111,7
CCGTGGACAAGGTTTC-111,7
CCTTCCCTCTGGTATG-111,10
CGAGCACGTGAACCTT-111,7
CGTCAGGCATCGATGT-111,7
CTACGTCCATCCGCGA-111,7
CTGTGCTTCATCTGCC-111,10
GACTGCGGTTCGAATC-111,7
GATCAGTAGCAGGTCA-111,7
GCACTCTGTAAGTGTA-111,7
GTAACGTAGAAGAAGC-111,7
TCTGAGATCAGCCTAA-111,10
TTGAACGTCTATCGCC-111,10
ACACCAACAATACGCT-112,10
ACACCAATCCTAGGGC-112,7
ACATGGTTCTTAGCCC-112,7
ACCTTTAGTGGAAAGA-112,7
AGACGTTGTTGATTCG-112,10
AGAGCTTAGCCTTGAT-112,7
ATCATCTAGAACTGTA-112,10
ATTGGACCAGCTCCGA-112,7
CAACCTCGTCAACTGT-112,10
CCTTACGTCTGTCTAT-112,10
CGAACATCATGAGCGA-112,7
CGCGTTTGTACACCGC-112,7
CGCTTCAAGGAGTCTG-112,7
GACCAATTCAGATAAG-112,7
GCACTCTCATCGGTTA-112,7
GCATGATGTGTGTGCC-112,10
GCTCTGTAGCTAACAA-112,7
GGACAAGCACCATCCT-112,7
GTCCTCAGTGTGCGTC-112,7
TATGCCCCACTTCTGC-112,10
TCAGGTAAGATGTCGG-112,7
TGACTAGGTGAGGCTA-112,7
TGGCTGGTCTGTCCGT-112,7
TTCCCAGTCGAACGGA-112,10
TTTCCTCGTTACTGAC-112,10
AACGTTGCAGTAACGG-113,7
ACCTTTACAATGTTGC-113,7
ATCATCTTCCTTAATC-113,7
ATCCACCAGAGTCGGT-113,7
ATCCACCTCAGCTCGG-113,7
CAACCAAAGCGAGAAA-113,7
CCAATCCAGGTAGCCA-113,7
CCCATACGTTATCGGT-113,7
CGCGTTTTCTTCGAGA-113,7
CGCTATCGTGGACGAT-113,7
CGCTGGACAATACGCT-113,10
CGGACTGGTATAATGG-113,7
CGTTGGGGTCGGCATC-113,7
CTCGGGAGTACAGCAG-113,7
GACACGCCATTGCGGC-113,10
GCGGGTTTCCCAAGAT-113,10
GCTTGAAAGTGAAGTT-113,7
GGCTGGTTCATGTCCC-113,7
TAGCCGGTCCACGAAT-113,10
TCACAAGAGGTGACCA-113,7
TCGCGAGCACTTGGAT-113,7
TGAAAGAAGCTCTCGG-113,7
TTAGGCAAGCTGCGAA-113,7
AACCGCGTCTCTAAGG-114,10
ACGGGCTGTTGGAGGT-114,7
ACGTCAACAAGGGTCA-114,7
ACTATCTTCGGTCTAA-114,10
AGCCTAAGTCACACGC-114,7
AGCGTATCATGAGCGA-114,7
AGTGTCAAGTGACTCT-114,7
ATCGAGTCAGGCGATA-114,10
CAAGATCAGGCAGGTT-114,7
CCTAAAGGTTGCTCCT-114,10
CCTCTGAGTCCCGACA-114,7
CCTTACGTCCCAGGTG-114,7
CGGACACAGAAACCGC-114,7
CGGTTAACAGGTTTCA-114,7
CTACACCTCAGATAAG-114,7
CTCACACCATGCCTTC-114,7
GATGCTAAGACTTGAA-114,10
GGACGTCGTATCACCA-114,10
GTCTCGTCATGACGGA-114,7
GTTCATTAGGCCCTTG-114,10
TACTTACAGTAGGCCA-114,7
TCACGAATCGTCTGAA-114,10
TGAGAGGGTTCTGTTT-114,7
TGAGCCGAGCACCGCT-114,10
TTCCCAGCATGCCTAA-114,7
TTGCCGTGTCGGGTCT-114,7
TTTCCTCAGAAGGCCT-114,10
ACGTCAAAGGTTCCTA-115,7
CCAATCCAGGCAGTCA-115,7
CCTACACTCCACTCCA-115,10
CGATGGCCAGCGTCCA-115,7
CTGCCTATCCCTTGCA-115,7
GACTAACGTCCCTTGT-115,10
GCGCGATCAGTTCCCT-115,7
GCTCTGTTCTGTTTGT-115,7
GCTGCTTCAACACCCG-115,10
GGGAGATCATGGTCAT-115,7
GTCCTCAGTTGGAGGT-115,7
GTCGGGTTCCTTTCTC-115,10
GTGTTAGCAGTATAAG-115,7
GTTCATTGTTAAGGGC-115,7
GTTCGGGTCACCGTAA-115,7
TACTCGCTCACCCGAG-115,7
TCAGATGTCCTAGGGC-115,7
TGGTTCCTCTTGCATT-115,7
AAGGAGCAGCTAGTCT-116,7
ACGTCAACAACACCCG-116,7
AGAGCGACATAGAAAC-116,10
AGCATACCATTAGGCT-116,10
AGCGTATGTGCAGACA-116,7
ATTATCCGTAAGAGAG-116,7
ATTATCCGTCAACTGT-116,7
CATCAGAAGAAGGTTT-116,10
CCGGGATAGTGGAGAA-116,7
CTAAGACGTATATCCG-116,7
CTGCTGTAGCTTTGGT-116,7
GAACCTATCTCCAACC-116,7
GACGTTAAGACAGACC-116,7
GATGAAAGTCACTGGC-116,7
GCTGCAGGTTACGACT-116,10
GTACTCCCAAGCTGTT-116,7
TCAGCTCCAATCCAAC-116,7
TGAGGGACATCCCATC-116,7
TTGGCAAAGCTGGAAC-116,7
ATCATGGAGAGGTACC-117,7
ATCTACTTCGCACTCT-117,7
ATGGGAGGTCTAGGTT-117,7
CAGCTAAAGGTCGGAT-117,7
CATATGGTCCTGTAGA-117,7
CGCGGTATCAACGCTA-117,10
CGTAGCGTCGCCCTTA-117,7
GACTGCGAGGTGCTAG-117,7
GCAAACTTCCTAGAAC-117,10
GCGACCACATTCCTGC-117,7
GGATTACAGCTGAACG-117,10
GGTGCGTGTATCAGTC-117,10
TACGGATTCTATCCTA-117,7
TCATTACCAAGCGTAG-117,7
TGACTTTAGCTGCAAG-117,7
TGAGCATAGACGCTTT-117,7
TGCGTGGTCTCTTGAT-117,7
TTAGGCATCCGTAGGC-117,7
TTCTACATCTTGAGAC-117,10
ACGCCGACAGGTTTCA-118,7
ACGGGCTCAGTGGAGT-118,7
ATGCGATCACCTCGTT-118,7
CACATAGCACATTCGA-118,7
CCGTGGATCAAGGTAA-118,7
CGATCGGGTCCAAGTT-118,7
CGTAGCGGTCGGATCC-118,7
CTACATTCACCTGGTG-118,7
CTTACCGTCAGAGACG-118,7
CTTCTCTTCGGCTACG-118,10
GAAACTCGTCATCGGC-118,7
GACGTGCCAAAGGAAG-118,7
GACTACATCGCTGATA-118,7
GCATGATAGTGGACGT-118,7
GCGACCAAGAGGTTAT-118,7
GTGGGTCAGGCGTACA-118,10
TACAGTGCATACGCTA-118,10
TACTTGTGTAAACCTC-118,7
TCTGAGACACGCTTTC-118,7
TCTGGAAGTAGCGTGA-118,7
TGCGGGTGTCTCCACT-118,7
TTAGTTCGTAAGGGCT-118,7
AAGGCAGCAGTTCCCT-119,7
ACGCCAGTCCCGGATG-119,7
AGCTCCTGTTCCCGAG-119,7
AGGTCCGTCTCCTATA-119,10
ATCTACTCATGACATC-119,7
CAGGTGCTCAGGTAAA-119,7
CCACCTACATGTAGTC-119,10
CCATTCGAGATAGGAG-119,7
CCTCTGACAGCCTGTG-119,7
CGCCAAGAGTGTTAGA-119,7
GAACCTATCCAAACAC-119,7
GAGCAGAAGTCCGTAT-119,7
GATCAGTCATGTAAGA-119,7
GCACTCTGTCCGAACC-119,7
GGCAATTTCCACTGGG-119,10
GGGCACTAGACTCGGA-119,7
TCAGGTAAGGACATTA-119,7
TCCACACAGGCCATAG-119,7
TGATTTCCATCTACGA-119,10
TTAACTCGTCCGAAGA-119,7
TTAGGACCACGTAAGG-119,7
AAAGCAAAGCTCCCAG-120,10
AACGTTGCATGCGCAC-120,7
ACATACGTCATAGCAC-120,7
CAAGTTGCACCAGGTC-120,7
GAAATGATCCAGGGCT-120,7
GAACATCTCCTAGAAC-120,7
GACTGCGGTTTCGCTC-120,10
GAGGTGACAGTAACGG-120,10
GAGTCCGGTGCTAGCC-120,7
GGCGTGTTCGACGGAA-120,7
TAGACCATCCTCAATT-120,10
TCAGGTATCCGTCATC-120,10
TCCACACCAAGTTCTG-120,10
TCCCGATAGCCGGTAA-120,7
ATGGGAGTCTGTACGA-121,7
ATTACTCAGTCGAGTG-121,7
CAGCCGATCCACGAAT-121,10
CATCGGGTCTTTCCTC-121,7
CCCAATCCACCAACCG-121,7
CCTAAAGCAAACTGCT-121,7
CGACTTCTCCACGCAG-121,7
CGAGCCACAGTTCATG-121,10
CGTGAGCGTGAGCGAT-121,7
CTACATTCACAGGAGT-121,10
CTCGTCATCAACCATG-121,10
CTGATCCGTTATCACG-121,7
CTTAGGAAGCGGATCA-121,7
CTTTGCGGTCTAGCGC-121,7
GAATGAAGTTGGTGGA-121,10
GCCAAATGTACTCTCC-121,10
GCGCAACCAGCTGTGC-121,10
GTCATTTTCGTTACAG-121,7
TACTTACAGCGTTCCG-121,7
TATGCCCCATAAGACA-121,7
TCTATTGTCTGCGTAA-121,7
TTATGCTTCGTCCGTT-121,7
TTCTCAAAGCTCCTCT-121,7
AATCCAGTCGGAGGTA-122,7
AGCATACCAGCGAACA-122,7
AGGCCACGTTGATTGC-122,7
AGGGATGTCTGTCTAT-122,7
CAGAGAGAGCTAGTCT-122,7
CAGCATACACGGACAA-122,7
CCACCTAGTTTCCACC-122,7
CCTAAAGAGCGATTCT-122,7
CGGACGTGTGTAAGTA-122,10
CGTGAGCGTAGCGTAG-122,7
CTACGTCAGTTTCCTT-122,7
CTAGTGAGTACCGAGA-122,7
CTCGAAAGTACAAGTA-122,10
CTCTGGTAGCGTTGCC-122,7
GCATGCGAGTATGACA-122,7
GCTTGAACAGTTAACC-122,7
GTAACGTGTTGGACCC-122,10
GTCATTTCACAGCCCA-122,7
GTGCATAAGGGCACTA-122,7
TATGCCCCAAGAAGAG-122,7
TCGCGTTCAACTGCTA-122,7
TGACTTTAGGGAACGG-122,7
TGCACCTAGTGAATTG-122,10
TGCCAAACAAAGTGCG-122,7
TTTACTGCATGCCTAA-122,7
AACACGTTCAGTCAGT-123,7
CCCATACGTAATTGGA-123,7
CTCGTACTCAGGCCCA-123,7
CTTCTCTCATAAGACA-123,7
GAATGAACATATACCG-123,7
GACACGCTCGTGGTCG-123,7
GACTACAAGTCATCCA-123,7
GAGTCCGGTTCTGGTA-123,7
GCACATAAGAATTCCC-123,10
GCAGCCACAGCCTTGG-123,7
GGAATAACAAGCTGTT-123,7
GTTCATTCACGTCTCT-123,7
TTAGGCAGTCTAGCCG-123,7
TTGCCGTTCCACGTTC-123,7
AAAGATGTCGGGAGTA-124,7
ACCCACTGTTGATTGC-124,7
ACGCAGCCATACTCTT-124,7
ACGCCGAGTGCACCAC-124,7
ATCTGCCCATGCCTAA-124,7
ATGAGGGGTTAAAGTG-124,7
CAGAGAGGTGTGGTTT-124,7
CAGCTGGCAAACTGTC-124,7
CCTAAAGTCCCGGATG-124,10
CCTACCAGTTCGAATC-124,7
CCTTCCCTCATCGATG-124,7
CGCCAAGAGTGCGTGA-124,10
CGGAGTCTCGGAGGTA-124,7
CGGGTCAGTGTGGTTT-124,7
CTCCTAGTCTATGTGG-124,10
GACTGCGGTCTAGCGC-124,7
GCATACAGTGCTGTAT-124,7
GCTGCAGGTGCCTTGG-124,10
TAAGCGTCACCAGTTA-124,7
TACCTTAAGGTGCTTT-124,7
TAGTGGTTCAGTCAGT-124,7
TATGCCCAGAAGCCCA-124,7
TGACTAGGTTACGGAG-124,10
TGGGAAGGTAGATTAG-124,7
AAACCTGTCGGTGTCG-125,7
AATCGGTCACCCATGG-125,10
ACGAGCCAGAGCTTCT-125,7
ACGGAGATCAACTCTT-125,7
AGACGTTCATAGAAAC-125,10
AGACGTTTCATATCGG-125,7
AGGTCCGCAATGAATG-125,10
ATGTGTGGTGTCAATC-125,7
CAAGTTGTCTTAGCCC-125,7
CAGCGACGTCAAAGAT-125,7
CCCTCCTGTTCCATGA-125,7
CCTAGCTCAGGCTCAC-125,7
CGACCTTGTTCAGACT-125,7
CGCTTCATCACCACCT-125,10
CGGTTAAGTTGTCGCG-125,7
CTAGCCTGTTAAAGAC-125,10
CTCCTAGGTGTCTGAT-125,7
GACCTGGTCTGTGCAA-125,10
GCTCCTATCATAAAGG-125,7
GCTCTGTCACTGTGTA-125,10
GCTTCCACAGTTAACC-125,10
GGACAAGTCGGTCTAA-125,7
GGTGTTAGTGCAGTAG-125,7
TACACGAAGAGTAATC-125,10
AAAGATGCAAAGCGGT-126,10
AACGTTGAGTGTGAAT-126,7
AAGGAGCTCAACGAAA-126,7
ACGGGTCTCTAACTGG-126,7
ACTTGTTGTTAGTGGG-126,10
AGTGGGAAGTTAAGTG-126,10
CATTATCAGGCATTGG-126,7
CCAATCCCAAACCCAT-126,7
CCCTCCTAGGGCTCTC-126,7
CGTAGCGTCGCCCTTA-126,7
CTACGTCTCCCTAACC-126,10
CTCGTACGTAAGAGAG-126,10
CTCTAATGTCTAGAGG-126,7
GATCGTAGTTGGGACA-126,7
GCTGGGTCAAAGTCAA-126,7
GTGAAGGGTTATGTGC-126,7
GTGCAGCCAGTTCATG-126,10
TATTACCAGGACGAAA-126,10
TCAGCTCGTGTGGTTT-126,7
TTTCCTCGTCTAGCGC-126,7
AAAGCAACATAGTAAG-127,7
AACTCCCGTAATCACC-127,7
ACGAGGATCATATCGG-127,10
ACGGCCATCGGAGCAA-127,7
ACTGTCCAGTCGTTTG-127,7
AGATTGCCAAGTAGTA-127,7
AGCGTCGCAGATGGCA-127,7
AGTAGTCAGACACGAC-127,7
ATCACGACAACTGCGC-127,10
CCGTTCAAGGCCGAAT-127,7
CCTATTATCTGCGGCA-127,7
CCTCTGAGTTGTCTTT-127,7
CGAATGTTCCTGCCAT-127,10
CGGAGTCGTTGCGTTA-127,7
CGTGTCTTCCTGTACC-127,7
CTAAGACGTAAGCACG-127,7
GACCTGGCAATGGACG-127,10
GATCTAGAGGGAACGG-127,7
GATCTAGTCTGCTGTC-127,7
GATGAAAAGCTTATCG-127,7
GCCTCTAAGATGTGTA-127,10
GCTCTGTAGCTAGTGG-127,7
GCTGCGACAGACACTT-127,7
GTCGGGTAGACTAAGT-127,7
TAAGAGACACGTAAGG-127,10
TACCTATCACAACGCC-127,10
TCACGAACATTCTCAT-127,7
TCTATTGGTTATCCGA-127,7
TTGTAGGGTCTAGAGG-127,7
AACTCTTGTTTGACTG-128,7
AATCGGTAGGGTCGAT-128,7
ACTGTCCTCTTCAACT-128,10
ATCCACCGTGGTCTCG-128,10
ATCCGAAGTCCTCTTG-128,7
CAGGTGCTCCAGATCA-128,7
CATTATCGTCGAATCT-128,7
CCTACACCATCCCACT-128,7
CCTCAGTTCACTCTTA-128,7
CCTCTGATCGTGGTCG-128,7
CGTCACTGTCCAACTA-128,10
CTACCCATCTTCCTTC-128,7
CTCATTAAGTCGCCGT-128,7
GTTAAGCCATTCCTCG-128,7
TACCTTATCACGCATA-128,7
TCACAAGAGACGCTTT-128,10
TGGCGCAGTACTCGCG-128,7
TTTACTGCACGGATAG-128,7
AAAGATGGTTTGGGCC-129,7
AATCCAGCATTCTTAC-129,10
ACGCCAGCAAGGTGTG-129,7
ACGGAGACAGAAGCAC-129,7
ATCATCTCAAAGGAAG-129,7
ATCATCTCAGGAACGT-129,7
ATCGAGTTCTTTAGTC-129,7
ATTATCCGTCCTGCTT-129,10
CACTCCACAATAAGCA-129,10
CCTCAGTGTCCATCCT-129,7
CCTTCCCGTACGCACC-129,10
CCTTCGAAGGGTTCCC-129,7
CGTAGCGAGTGCGTGA-129,7
CTCATTAGTGATGTCT-129,7
GGATTACCAATAGAGT-129,7
GGTGAAGAGCCTTGAT-129,7
TAAGAGATCAGGCGAA-129,7
TCATTACCAGATAATG-129,7
TCGCGAGCATTACCTT-129,7
TGATTTCGTGATAAAC-129,7
TGCACCTCATCGGAAG-129,7
TGGACGCAGTTATCGC-129,7
TGGCTGGCAAGGTTCT-129,7
TGGGCGTTCAATACCG-129,10
TGGTTAGGTTTGGCGC-129,7
TGTCCCAAGGTCATCT-129,7
TTGGCAAGTGTGACCC-129,10
TTTACTGCAGTATCTG-129,7
ACGAGGACAATGGTCT-130,7
AGCGGTCTCGGGAGTA-130,7
AGCGTCGCAGCCTTGG-130,7
ATCTGCCCACGACGAA-130,10
CAAGGCCTCCTAGAAC-130,7
CAGCTAATCCTACAGA-130,7
CATATTCAGTAAGTAC-130,7
CCCAATCTCGAATGGG-130,7
CGACCTTCACGAAATA-130,7
CGTCACTCATCCCACT-130,7
CGTCAGGCATGGTCAT-130,7
CGTGTAAAGTACTTGC-130,7
CTCTAATAGAGAACAG-130,7
CTGATCCTCCCATTAT-130,10
GATTCAGAGGCAGTCA-130,7
GCTGGGTGTGGAAAGA-130,7
GGAACTTCACTTAAGC-130,10
GGACAGACACGGCCAT-130,7
GGCTCGAGTCACTTCC-130,7
GTAGGCCTCTTGTATC-130,10
GTCTTCGTCTGGTATG-130,7
GTGCTTCAGGGAACGG-130,7
TACACGATCAGGCGAA-130,7
TACCTATCACACTGCG-130,7
TCTGAGACACTATCTT-130,10
TGTATTCAGTCGAGTG-130,7
TTCGGTCTCGCGTAGC-130,7
AGGTCATAGATTACCC-131,7
AGGTCATAGGATGGAA-131,7
ATCCGAATCGCGATCG-131,10
CAGCTGGCATTGGGCC-131,10
CCTTTCTAGTCACGCC-131,10
CGGACACAGCCGATTT-131,7
CGGAGCTTCTGCTGCT-131,7
CGTGTCTGTCTTGCGG-131,7
CTACATTTCGCGCCAA-131,7
GATCGTAAGATAGTCA-131,7
GGCCGATTCGACGGAA-131,7
GGGACCTAGAGAGCTC-131,7
GTCTTCGTCTGAGGGA-131,7
GTTACAGTCTCGCTTG-131,10
TACCTATGTGTTCGAT-131,7
TACTTACGTATAGGGC-131,7
TACTTACGTTAGTGGG-131,7
TAGTTGGAGCTAAACA-131,7
TCGGGACCATAAGACA-131,7
AAAGTAGCATGCTAGT-132,7
AGCGTATGTGTCGCTG-132,7
ATCATCTTCATGGTCA-132,7
ATTCTACCAAACAACA-132,7
ATTCTACCAACCGCCA-132,7
ATTCTACCAATGCCAT-132,7
CATGGCGGTCATGCCG-132,7
CCGTGGACACAGGCCT-132,7
CCTTTCTGTCTTGCGG-132,7
CGAACATGTTGACGTT-132,7
CGACTTCCAGCTGTAT-132,10
CTCACACAGTTGAGTA-132,10
CTCGAAAGTGATGATA-132,7
CTTGGCTGTGCACCAC-132,7
GCGCAACCAAAGCGGT-132,7
GCGCAGTCAATCCAAC-132,7
GGAAAGCCAGCTGCAC-132,7
TAGAGCTAGGTTACCT-132,7
TATTACCTCCGTCATC-132,7
TGCTGCTAGGCTCATT-132,7
TTCTCAAGTTGTGGAG-132,7
AAAGATGAGTACGCGA-133,7
AACCATGCAAATCCGT-133,7
AACTCAGAGTATCTCG-133,7
ACCAGTATCCCTCTTT-133,10
ACGAGGAGTGAGGGAG-133,10
ACTATCTGTATCTGCA-133,10
ATGCGATAGTTTCCTT-133,7
CACAGTAGTGCCTGTG-133,7
CATATGGAGCGATAGC-133,10
CCCAATCGTTATCACG-133,7
CCCAGTTAGTCTCGGC-133,10
CCTTTCTGTATAAACG-133,10
CGACTTCCACCGAATT-133,7
CGTGTAAGTACCGAGA-133,7
CTAAGACGTCTTCTCG-133,7
CTACATTTCACCGTAA-133,7
GAAGCAGGTTACCAGT-133,7
GACGCGTGTCAAAGAT-133,7
GCAAACTGTACAGACG-133,7
GGCAATTCAAGACGTG-133,7
GGCTGGTCATGAACCT-133,7
GTATTCTGTCGTCTTC-133,7
GTCAAGTCAGCCTGTG-133,7
GTCTCGTCAGGGAGAG-133,7
GTCTCGTGTCAAGCGA-133,10
GTGCATAAGAGCCTAG-133,7
GTGCTTCCATCGGACC-133,7
TACGGGCAGCCTATGT-133,7
TAGAGCTCACATAACC-133,7
TCTCTAATCCACGAAT-133,7
TGAGAGGAGCGCCTCA-133,10
TGAGAGGGTAGGACAC-133,7
TTTGGTTCAGTAAGCG-133,7
TTTGGTTTCCTGCCAT-133,7
