,0,1
0,other,other
1,other,other
2,other,other
3,other,other
4,other,other
5,other,other
6,other,other
7,other,other
8,other,other
9,other,other
10,other,other
11,other,other
12,other,other
13,other,other
14,other,other
15,other,other
16,other,other
17,other,other
18,other,other
19,other,other
20,other,other
21,other,other
22,other,other
23,other,other
24,other,other
25,other,other
26,other,other
27,other,other
28,other,other
29,other,other
30,other,other
31,other,other
32,other,other
33,other,other
34,other,other
35,other,other
36,other,other
37,other,other
38,other,other
39,other,other
40,other,other
41,other,other
42,other,other
43,other,other
44,other,other
45,other,other
46,other,other
47,other,other
48,other,other
49,other,other
50,other,other
51,"Adhfe1+,Crym+,Ifitm3+","Adhfe1+,Crym+,Ifitm3+"
52,other,other
53,other,other
54,other,other
55,other,other
56,other,other
57,other,other
58,other,other
59,other,other
60,other,other
61,other,other
62,other,other
63,other,other
64,other,other
65,other,other
66,other,other
67,blood,blood
68,other,other
69,other,other
70,other,other
71,other,other
72,other,other
73,other,other
74,other,other
75,other,other
76,other,other
77,other,other
78,other,other
79,other,other
80,other,other
81,other,other
82,other,other
83,other,other
84,other,other
85,other,other
86,other,other
87,other,other
88,other,other
89,other,other
90,other,other
91,other,other
92,other,other
93,other,other
94,other,other
95,other,other
96,other,other
97,other,other
98,other,other
99,other,other
100,other,other
101,other,other
102,other,other
103,other,other
104,other,other
105,other,other
106,other,other
107,other,other
108,other,other
109,other,other
110,other,other
111,other,other
112,other,other
113,other,other
114,other,other
115,other,other
116,other,other
117,other,other
118,other,other
119,other,other
120,other,other
121,other,other
122,other,other
123,other,other
124,other,other
125,other,other
126,other,other
127,other,other
128,other,other
129,other,other
130,other,other
131,other,other
132,other,other
133,other,other
134,other,other
135,other,other
136,other,other
137,other,other
138,other,other
139,other,other
140,other,other
141,other,other
142,other,other
143,other,other
144,other,other
145,other,other
146,other,other
147,other,other
148,other,other
149,other,other
150,other,other
151,other,other
152,other,other
153,other,other
154,other,other
155,other,other
156,other,other
157,other,other
158,other,other
159,other,other
160,other,other
161,other,other
162,other,other
163,other,other
164,other,other
165,other,other
166,other,other
167,other,other
168,other,other
169,other,other
170,other,other
171,other,other
172,other,other
173,other,other
174,other,other
175,other,other
176,other,other
177,other,other
178,other,other
179,other,other
180,other,other
181,other,other
182,other,other
183,other,other
184,other,other
185,other,other
186,other,other
187,other,other
188,other,other
189,other,other
190,other,other
191,other,other
192,other,other
193,other,other
194,other,other
195,other,other
196,other,other
197,other,other
198,other,other
199,other,other
200,other,other
201,other,other
202,other,other
203,other,other
204,other,other
205,other,other
206,other,other
207,other,other
208,other,other
209,other,other
210,other,other
211,other,other
212,other,other
213,other,other
214,other,other
215,other,other
216,other,other
217,other,other
218,other,other
219,other,other
220,other,other
221,other,other
222,other,other
223,other,other
224,other,other
225,other,other
226,other,other
227,other,other
228,other,other
229,other,other
230,other,other
231,other,other
232,other,other
233,other,other
234,other,other
235,other,other
236,other,other
237,other,other
238,other,other
239,other,other
240,other,other
241,other,other
242,other,other
243,other,other
244,other,other
245,other,other
246,other,other
247,other,other
248,other,other
249,other,other
250,other,other
251,other,other
252,other,other
253,other,other
254,other,other
255,other,other
256,other,other
257,other,other
258,other,other
259,other,other
260,other,other
261,other,other
262,other,other
263,other,other
264,other,other
265,other,other
266,other,other
267,other,other
268,other,other
269,other,other
270,other,other
271,other,other
272,other,other
273,other,other
274,other,other
275,other,other
276,other,other
277,other,other
278,other,other
279,other,other
280,other,other
281,other,other
282,other,other
283,other,other
284,other,other
285,other,other
286,other,other
287,other,other
288,other,other
289,other,other
290,other,other
291,other,other
292,other,other
293,other,other
294,other,other
295,other,other
296,other,other
297,other,other
298,other,other
299,other,other
300,other,other
301,other,other
302,other,other
303,other,other
304,other,other
305,other,other
306,other,other
307,other,other
308,other,other
309,other,other
310,other,other
311,other,other
312,other,other
313,other,other
314,other,other
315,other,other
316,other,other
317,other,other
318,other,other
319,other,other
320,other,other
321,other,other
322,other,other
323,other,other
324,other,other
325,other,other
326,other,other
327,other,other
328,other,other
329,other,other
330,other,other
331,other,other
332,other,other
333,other,other
334,other,other
335,other,other
336,other,other
337,other,other
338,other,other
339,other,other
340,other,other
341,other,other
342,other,other
343,other,other
344,other,other
345,other,other
346,other,other
347,other,other
348,other,other
349,other,other
350,other,other
351,other,other
352,other,other
353,other,other
354,other,other
355,other,other
356,other,other
357,other,other
358,other,other
359,other,other
360,other,other
361,other,other
362,other,other
363,other,other
364,other,other
365,other,other
366,other,other
367,other,other
368,other,other
369,other,other
370,other,other
371,other,other
372,other,other
373,other,other
374,other,other
375,other,other
376,other,other
377,other,other
378,other,other
379,other,other
380,other,other
381,other,other
382,other,other
383,other,other
384,other,other
385,other,other
386,other,other
387,other,other
388,other,other
389,other,other
390,other,other
391,other,other
392,other,other
393,other,other
394,other,other
395,other,other
396,other,other
397,other,other
398,other,other
399,other,other
400,other,other
401,other,other
402,other,other
403,other,other
404,other,other
405,other,other
406,other,other
407,other,other
408,other,other
409,other,other
410,other,other
411,other,other
412,other,other
413,other,other
414,other,other
415,other,other
416,other,other
417,other,other
418,other,other
419,other,other
420,other,other
421,other,other
422,other,other
423,other,other
424,other,other
425,other,other
426,other,other
427,other,other
428,other,other
429,other,other
430,other,other
431,other,other
432,other,other
433,other,other
434,other,other
435,other,other
436,other,other
437,other,other
438,other,other
439,other,other
440,other,other
441,other,other
442,other,other
443,other,other
444,other,other
445,other,other
446,other,other
447,other,other
448,other,other
449,other,other
450,other,other
451,other,other
452,other,other
453,other,other
454,other,other
455,other,other
456,other,other
457,other,other
458,other,other
459,other,other
460,other,other
461,other,other
462,other,other
463,other,other
464,other,other
465,other,other
466,other,other
467,other,other
468,other,other
469,other,other
470,other,other
471,other,other
472,other,other
473,other,other
474,other,other
475,other,other
476,other,other
477,other,other
478,other,other
479,other,other
480,other,other
481,other,other
482,other,other
483,other,other
484,other,other
485,other,other
486,other,other
487,other,other
488,other,other
489,other,other
490,other,other
491,other,other
492,other,other
493,other,other
494,other,other
495,other,other
496,other,other
497,other,other
498,other,other
499,other,other
500,other,other
501,other,other
502,other,other
503,other,other
504,other,other
505,other,other
506,other,other
507,blood,blood
508,other,other
509,other,other
510,other,other
511,other,other
512,other,other
513,other,other
514,other,other
515,blood,blood
516,other,other
517,other,other
518,other,other
519,other,other
520,other,other
521,other,other
522,blood,blood
523,other,other
524,other,other
525,other,other
526,"Adhfe1+,Crym+,Ifitm3+","Adhfe1+,Crym+,Ifitm3+"
527,other,other
528,other,other
529,other,other
530,other,other
531,other,other
532,other,other
533,other,other
534,other,other
535,other,other
536,other,other
537,other,other
538,other,other
539,blood,blood
540,other,other
541,other,other
542,other,other
543,other,other
544,other,other
545,other,other
546,other,other
547,other,other
548,other,other
549,other,other
550,other,other
551,other,other
552,other,other
553,other,other
554,other,other
555,other,other
556,other,other
557,other,other
558,other,other
559,other,other
560,other,other
561,other,other
562,other,other
563,other,other
564,other,other
565,other,other
566,other,other
567,other,other
568,other,other
569,other,other
570,other,other
571,other,other
572,other,other
573,other,other
574,other,other
575,other,other
576,other,other
577,other,other
578,other,other
579,other,other
580,other,other
581,other,other
582,other,other
583,blood,blood
584,other,other
585,other,other
586,other,other
587,other,other
588,other,other
589,other,other
590,other,other
591,other,other
592,other,other
593,other,other
594,blood,blood
595,other,other
596,other,other
597,other,other
598,other,other
599,other,other
600,other,other
601,other,other
602,other,other
603,other,other
604,other,other
605,other,other
606,other,other
607,other,other
608,other,other
609,other,other
610,other,other
611,other,other
612,other,other
613,other,other
614,other,other
615,other,other
616,other,other
617,other,other
618,other,other
619,other,other
620,other,other
621,other,other
622,other,other
623,other,other
624,other,other
625,other,other
626,other,other
627,other,other
628,other,other
629,"Adhfe1+,Crym+,Ifitm3+","Adhfe1+,Crym+,Ifitm3+"
630,other,other
631,other,other
632,other,other
633,other,other
634,other,other
635,other,other
636,other,other
637,other,other
638,other,other
639,other,other
640,other,other
641,other,other
642,other,other
643,other,other
644,other,other
645,other,other
646,other,other
647,other,other
648,other,other
649,other,other
650,other,other
651,other,other
652,other,other
653,other,other
654,other,other
655,other,other
656,other,other
657,other,other
658,other,other
659,other,other
660,other,other
661,other,other
662,other,other
663,other,other
664,other,other
665,other,other
666,other,other
667,other,other
668,other,other
669,other,other
670,other,other
671,other,other
672,other,other
673,other,other
674,other,other
675,blood,blood
676,other,other
677,other,other
678,other,other
679,other,other
680,other,other
681,other,other
682,other,other
683,other,other
684,other,other
685,other,other
686,other,other
687,other,other
688,other,other
689,other,other
690,other,other
691,other,other
692,other,other
693,other,other
694,other,other
695,other,other
696,other,other
697,other,other
698,other,other
699,other,other
700,other,other
701,other,other
702,other,other
703,other,other
704,other,other
705,other,other
706,other,other
707,other,other
708,other,other
709,other,other
710,other,other
711,other,other
712,other,other
713,other,other
714,other,other
715,other,other
716,other,other
717,"Adhfe1+,Crym+,Ifitm3+","Adhfe1+,Crym+,Ifitm3+"
718,other,other
719,other,other
720,other,other
721,other,other
722,other,other
723,other,other
724,other,other
725,other,other
726,other,other
727,other,other
728,other,other
729,other,other
730,other,other
731,other,other
732,other,other
733,other,other
734,other,other
735,blood,blood
736,other,other
737,other,other
738,other,other
739,other,other
740,other,other
741,other,other
742,other,other
743,other,other
744,other,other
745,other,other
746,other,other
747,other,other
748,other,other
749,other,other
750,other,other
751,other,other
752,blood,blood
753,other,other
754,other,other
755,other,other
756,other,other
757,other,other
758,other,other
759,other,other
760,other,other
761,other,other
762,other,other
763,other,other
764,other,other
765,other,other
766,other,other
767,other,other
768,other,other
769,other,other
770,other,other
771,other,other
772,other,other
773,other,other
774,other,other
775,other,other
776,other,other
777,other,other
778,other,other
779,other,other
780,other,other
781,other,other
782,other,other
783,other,other
784,other,other
785,other,other
786,other,other
787,other,other
788,other,other
789,other,other
790,other,other
791,other,other
792,other,other
793,other,other
794,other,other
795,other,other
796,other,other
797,other,other
798,other,other
799,other,other
800,other,other
801,other,other
802,other,other
803,other,other
804,other,other
805,other,other
806,other,other
807,other,other
808,other,other
809,other,other
810,other,other
811,other,other
812,other,other
813,other,other
814,other,other
815,other,other
816,other,other
817,other,other
818,other,other
819,other,other
820,other,other
821,other,other
822,other,other
823,other,other
824,other,other
825,other,other
826,other,other
827,other,other
828,other,other
829,other,other
830,other,other
831,other,other
832,other,other
833,other,other
834,other,other
835,other,other
836,other,other
837,other,other
838,other,other
839,other,other
840,other,other
841,other,other
842,other,other
843,other,other
844,other,other
845,other,other
846,other,other
847,other,other
848,other,other
849,other,other
850,other,other
851,other,other
852,other,other
853,other,other
854,other,other
855,other,other
856,other,other
857,other,other
858,other,other
859,other,other
860,other,other
861,other,other
862,other,other
863,other,other
864,other,other
865,blood,blood
866,other,other
867,other,other
868,other,other
869,other,other
870,other,other
871,other,other
872,other,other
873,other,other
874,other,other
875,other,other
876,other,other
877,other,other
878,other,other
879,other,other
880,other,other
881,other,other
882,other,other
883,other,other
884,other,other
885,other,other
886,other,other
887,other,other
888,other,other
889,other,other
890,other,other
891,other,other
892,other,other
893,other,other
894,other,other
895,other,other
896,other,other
897,other,other
898,other,other
899,other,other
900,other,other
901,other,other
902,other,other
903,other,other
904,other,other
905,other,other
906,other,other
907,other,other
908,other,other
909,other,other
910,other,other
911,other,other
912,other,other
913,other,other
914,other,other
915,other,other
916,other,other
917,other,other
918,other,other
919,other,other
920,other,other
921,other,other
922,other,other
923,other,other
924,other,other
925,other,other
926,other,other
927,blood,blood
928,other,other
929,other,other
930,other,other
931,other,other
932,other,other
933,other,other
934,other,other
935,other,other
936,other,other
937,other,other
938,other,other
939,other,other
940,other,other
941,other,other
942,other,other
943,other,other
944,other,other
945,other,other
946,other,other
947,other,other
948,other,other
949,other,other
950,other,other
951,other,other
952,other,other
953,other,other
954,other,other
955,other,other
956,other,other
957,other,other
958,other,other
959,other,other
960,other,other
961,other,other
962,other,other
963,other,other
964,other,other
965,other,other
966,other,other
967,other,other
968,other,other
969,other,other
970,other,other
971,other,other
972,other,other
973,other,other
974,other,other
975,other,other
976,other,other
977,other,other
978,other,other
979,other,other
980,other,other
981,other,other
982,other,other
983,other,other
984,other,other
985,other,other
986,other,other
987,other,other
988,other,other
989,other,other
990,other,other
991,other,other
992,other,other
993,other,other
994,other,other
995,other,other
996,other,other
997,other,other
998,other,other
999,other,other
1000,other,other
1001,other,other
1002,other,other
1003,other,other
1004,other,other
1005,other,other
1006,other,other
1007,other,other
1008,other,other
1009,other,other
1010,other,other
1011,other,other
1012,other,other
1013,other,other
1014,other,other
1015,other,other
1016,other,other
1017,other,other
1018,other,other
1019,other,other
1020,other,other
1021,other,other
1022,other,other
1023,other,other
1024,other,other
1025,other,other
1026,other,other
1027,other,other
1028,other,other
1029,other,other
1030,other,other
1031,other,other
1032,other,other
1033,other,other
1034,other,other
1035,other,other
1036,other,other
1037,other,other
1038,other,other
1039,other,other
1040,other,other
1041,other,other
1042,other,other
1043,other,other
1044,other,other
1045,other,other
1046,other,other
1047,other,other
1048,other,other
1049,other,other
1050,other,other
1051,other,other
1052,other,other
1053,other,other
1054,other,other
1055,other,other
1056,other,other
1057,other,other
1058,other,other
1059,other,other
1060,other,other
1061,other,other
1062,other,other
1063,other,other
1064,other,other
1065,other,other
1066,other,other
1067,other,other
1068,other,other
1069,other,other
1070,other,other
1071,other,other
1072,other,other
1073,other,other
1074,other,other
1075,other,other
1076,other,other
1077,other,other
1078,other,other
1079,other,other
1080,other,other
1081,other,other
1082,other,other
1083,other,other
1084,other,other
1085,other,other
1086,other,other
1087,other,other
1088,"Adhfe1+,Crym+,Ifitm3+","Adhfe1+,Crym+,Ifitm3+"
1089,other,other
1090,other,other
1091,other,other
1092,other,other
1093,other,other
1094,other,other
1095,other,other
1096,other,other
1097,other,other
1098,"Adhfe1+,Crym+,Ifitm3+","Adhfe1+,Crym+,Ifitm3+"
1099,other,other
1100,other,other
1101,other,other
1102,other,other
1103,other,other
1104,other,other
1105,other,other
1106,other,other
1107,other,other
1108,other,other
1109,other,other
1110,other,other
1111,other,other
1112,other,other
1113,other,other
1114,other,other
1115,other,other
1116,other,other
1117,other,other
1118,other,other
1119,other,other
1120,other,other
1121,other,other
1122,other,other
1123,other,other
1124,other,other
1125,other,other
1126,other,other
1127,other,other
1128,other,other
1129,other,other
1130,other,other
1131,other,other
1132,other,other
1133,other,other
1134,other,other
1135,other,other
1136,other,other
1137,other,other
1138,other,other
1139,other,other
1140,other,other
1141,other,other
1142,other,other
1143,"Adhfe1+,Crym+,Ifitm3+","Adhfe1+,Crym+,Ifitm3+"
1144,other,other
1145,other,other
1146,other,other
1147,other,other
1148,other,other
1149,other,other
1150,other,other
1151,other,other
1152,other,other
1153,other,other
1154,other,other
1155,other,other
1156,other,other
1157,other,other
1158,other,other
1159,other,other
1160,other,other
1161,other,other
1162,other,other
1163,other,other
1164,other,other
1165,other,other
1166,other,other
1167,other,other
1168,other,other
1169,other,other
1170,other,other
1171,other,other
1172,other,other
1173,other,other
1174,other,other
1175,other,other
1176,other,other
1177,other,other
1178,other,other
1179,other,other
1180,other,other
1181,other,other
1182,other,other
1183,other,other
1184,other,other
1185,other,other
1186,other,other
1187,other,other
1188,other,other
1189,other,other
1190,other,other
1191,other,other
1192,other,other
1193,other,other
1194,other,other
1195,other,other
1196,other,other
1197,other,other
1198,other,other
1199,other,other
1200,other,other
1201,other,other
1202,other,other
1203,other,other
1204,other,other
1205,other,other
1206,other,other
1207,other,other
1208,other,other
1209,other,other
1210,other,other
1211,other,other
1212,other,other
1213,other,other
1214,other,other
1215,other,other
1216,other,other
1217,other,other
1218,other,other
1219,other,other
1220,other,other
1221,other,other
1222,other,other
1223,other,other
1224,other,other
1225,other,other
1226,other,other
1227,other,other
1228,other,other
1229,other,other
1230,other,other
1231,other,other
1232,"Adhfe1+,Crym+,Ifitm3+","Adhfe1+,Crym+,Ifitm3+"
1233,other,other
1234,other,other
1235,other,other
1236,other,other
1237,other,other
1238,other,other
1239,other,other
1240,other,other
1241,other,other
1242,other,other
1243,other,other
1244,other,other
1245,other,other
1246,other,other
1247,other,other
1248,other,other
1249,other,other
1250,other,other
1251,other,other
1252,other,other
1253,other,other
1254,other,other
1255,other,other
1256,other,other
1257,other,other
1258,other,other
1259,other,other
1260,other,other
1261,other,other
1262,other,other
1263,other,other
1264,other,other
1265,other,other
1266,other,other
1267,other,other
1268,other,other
1269,other,other
1270,other,other
1271,other,other
1272,other,other
1273,other,other
1274,other,other
1275,other,other
1276,other,other
1277,other,other
1278,other,other
1279,blood,blood
1280,other,other
1281,other,other
1282,other,other
1283,other,other
1284,other,other
1285,other,other
1286,other,other
1287,other,other
1288,other,other
1289,other,other
1290,other,other
1291,other,other
1292,other,other
1293,other,other
1294,other,other
1295,blood,blood
1296,other,other
1297,other,other
1298,other,other
1299,other,other
1300,other,other
1301,other,other
1302,other,other
1303,other,other
1304,other,other
1305,other,other
1306,other,other
1307,other,other
1308,other,other
1309,other,other
1310,other,other
1311,other,other
1312,other,other
1313,other,other
1314,other,other
1315,other,other
1316,other,other
1317,other,other
1318,other,other
1319,other,other
1320,other,other
1321,other,other
1322,other,other
1323,other,other
1324,other,other
1325,other,other
1326,other,other
1327,other,other
1328,other,other
1329,"Adhfe1+,Crym+,Ifitm3+","Adhfe1+,Crym+,Ifitm3+"
1330,other,other
1331,other,other
1332,other,other
1333,other,other
1334,other,other
1335,other,other
1336,other,other
1337,other,other
1338,other,other
1339,other,other
1340,blood,blood
1341,other,other
1342,other,other
1343,other,other
1344,other,other
1345,other,other
1346,other,other
1347,other,other
1348,other,other
1349,blood,blood
1350,other,other
1351,other,other
1352,other,other
1353,other,other
1354,other,other
1355,other,other
1356,other,other
1357,other,other
1358,blood,blood
1359,other,other
1360,other,other
1361,other,other
1362,other,other
1363,other,other
1364,other,other
1365,other,other
1366,other,other
1367,other,other
1368,other,other
1369,other,other
1370,other,other
1371,blood,blood
1372,other,other
1373,other,other
1374,other,other
1375,other,other
1376,other,other
1377,other,other
1378,other,other
1379,other,other
1380,other,other
1381,other,other
1382,other,other
1383,other,other
1384,other,other
1385,other,other
1386,other,other
1387,other,other
1388,other,other
1389,other,other
1390,other,other
1391,other,other
1392,other,other
1393,other,other
1394,other,other
1395,other,other
1396,other,other
1397,other,other
1398,other,other
1399,other,other
1400,other,other
1401,other,other
1402,other,other
1403,other,other
1404,other,other
1405,other,other
1406,other,other
1407,other,other
1408,other,other
1409,other,other
1410,other,other
1411,other,other
1412,other,other
1413,other,other
1414,other,other
1415,other,other
1416,other,other
1417,other,other
1418,other,other
1419,other,other
1420,other,other
1421,other,other
1422,other,other
1423,other,other
1424,other,other
1425,other,other
1426,other,other
1427,other,other
1428,other,other
1429,other,other
1430,other,other
1431,other,other
1432,other,other
1433,other,other
1434,other,other
1435,other,other
1436,other,other
1437,other,other
1438,other,other
1439,other,other
1440,other,other
1441,other,other
1442,other,other
1443,other,other
1444,other,other
1445,other,other
1446,other,other
1447,other,other
1448,other,other
1449,other,other
1450,other,other
1451,other,other
1452,other,other
1453,other,other
1454,other,other
1455,other,other
1456,other,other
1457,other,other
1458,other,other
1459,other,other
1460,other,other
1461,other,other
1462,other,other
1463,other,other
1464,other,other
1465,other,other
1466,other,other
1467,other,other
1468,other,other
1469,other,other
1470,other,other
1471,other,other
1472,other,other
1473,other,other
1474,other,other
1475,blood,blood
1476,other,other
1477,other,other
1478,other,other
1479,other,other
1480,other,other
1481,other,other
1482,other,other
1483,other,other
1484,other,other
1485,other,other
1486,other,other
1487,other,other
1488,other,other
1489,other,other
1490,other,other
1491,other,other
1492,other,other
1493,other,other
1494,other,other
1495,other,other
1496,other,other
1497,other,other
1498,other,other
1499,other,other
1500,other,other
1501,other,other
1502,other,other
1503,other,other
1504,other,other
1505,other,other
1506,other,other
1507,other,other
1508,other,other
1509,other,other
1510,other,other
1511,other,other
1512,other,other
1513,other,other
1514,other,other
1515,other,other
1516,other,other
1517,other,other
1518,other,other
1519,other,other
1520,other,other
1521,other,other
1522,other,other
1523,other,other
1524,other,other
1525,other,other
1526,other,other
1527,other,other
1528,other,other
1529,other,other
1530,other,other
1531,other,other
1532,other,other
1533,other,other
1534,other,other
1535,other,other
1536,other,other
1537,other,other
1538,other,other
1539,other,other
1540,other,other
1541,other,other
1542,other,other
1543,other,other
1544,"Adhfe1+,Crym+,Ifitm3+","Adhfe1+,Crym+,Ifitm3+"
1545,other,other
1546,other,other
1547,other,other
1548,other,other
1549,other,other
1550,other,other
1551,other,other
1552,other,other
1553,other,other
1554,other,other
1555,other,other
1556,other,other
1557,other,other
1558,other,other
1559,other,other
1560,other,other
1561,other,other
1562,other,other
1563,other,other
1564,other,other
1565,other,other
1566,other,other
1567,other,other
1568,other,other
1569,other,other
1570,other,other
1571,other,other
1572,other,other
1573,other,other
1574,other,other
1575,other,other
1576,other,other
1577,other,other
1578,other,other
1579,other,other
1580,other,other
1581,other,other
1582,other,other
1583,other,other
1584,other,other
1585,other,other
1586,other,other
1587,other,other
1588,other,other
1589,other,other
1590,other,other
1591,other,other
1592,other,other
1593,other,other
1594,other,other
1595,other,other
1596,other,other
1597,other,other
1598,other,other
1599,other,other
1600,other,other
1601,other,other
1602,other,other
1603,other,other
1604,other,other
1605,other,other
1606,other,other
1607,other,other
1608,other,other
1609,other,other
1610,other,other
1611,other,other
1612,other,other
1613,other,other
1614,other,other
1615,other,other
1616,other,other
1617,other,other
1618,other,other
1619,blood,blood
1620,other,other
1621,other,other
1622,other,other
1623,other,other
1624,other,other
1625,other,other
1626,other,other
1627,other,other
1628,other,other
1629,other,other
1630,other,other
1631,other,other
1632,other,other
1633,other,other
1634,other,other
1635,other,other
1636,other,other
1637,other,other
1638,other,other
1639,other,other
1640,other,other
1641,other,other
1642,other,other
1643,other,other
1644,other,other
1645,other,other
1646,other,other
1647,other,other
1648,other,other
1649,other,other
1650,other,other
1651,other,other
1652,other,other
1653,other,other
1654,other,other
1655,other,other
1656,other,other
1657,other,other
1658,other,other
1659,other,other
1660,other,other
1661,other,other
1662,other,other
1663,other,other
1664,other,other
1665,other,other
1666,other,other
1667,other,other
1668,other,other
1669,other,other
1670,other,other
1671,other,other
1672,other,other
1673,other,other
1674,other,other
1675,other,other
1676,other,other
1677,other,other
1678,other,other
1679,other,other
1680,other,other
1681,other,other
1682,other,other
1683,other,other
1684,other,other
1685,other,other
1686,other,other
1687,other,other
1688,other,other
1689,other,other
1690,other,other
1691,other,other
1692,other,other
1693,other,other
1694,other,other
1695,other,other
1696,other,other
1697,other,other
1698,other,other
1699,other,other
1700,other,other
1701,other,other
1702,other,other
1703,other,other
1704,other,other
1705,other,other
1706,other,other
1707,other,other
1708,other,other
1709,other,other
1710,other,other
1711,other,other
1712,other,other
1713,other,other
1714,other,other
1715,other,other
1716,other,other
1717,other,other
1718,other,other
1719,other,other
1720,other,other
1721,other,other
1722,other,other
1723,other,other
1724,other,other
1725,other,other
1726,other,other
1727,other,other
1728,other,other
1729,other,other
1730,"Adhfe1+,Crym+,Ifitm3+","Adhfe1+,Crym+,Ifitm3+"
1731,other,other
1732,other,other
1733,other,other
1734,other,other
1735,other,other
1736,other,other
1737,other,other
1738,other,other
1739,other,other
1740,other,other
1741,other,other
1742,other,other
1743,other,other
1744,other,other
1745,other,other
1746,other,other
1747,other,other
1748,other,other
1749,other,other
1750,other,other
1751,other,other
1752,other,other
1753,other,other
1754,other,other
1755,other,other
1756,other,other
1757,other,other
1758,other,other
1759,other,other
1760,other,other
1761,other,other
1762,other,other
1763,other,other
1764,other,other
1765,other,other
1766,other,other
1767,other,other
1768,other,other
1769,other,other
1770,other,other
1771,other,other
1772,"Adhfe1+,Crym+,Ifitm3+","Adhfe1+,Crym+,Ifitm3+"
1773,other,other
1774,other,other
1775,other,other
1776,other,other
1777,other,other
1778,other,other
1779,other,other
1780,other,other
1781,other,other
1782,other,other
1783,other,other
1784,other,other
1785,other,other
1786,other,other
1787,other,other
1788,"Adhfe1+,Crym+,Ifitm3+","Adhfe1+,Crym+,Ifitm3+"
1789,other,other
1790,other,other
1791,other,other
1792,other,other
1793,other,other
1794,other,other
1795,other,other
1796,other,other
1797,other,other
1798,other,other
1799,other,other
1800,other,other
1801,other,other
1802,other,other
1803,other,other
1804,other,other
1805,other,other
1806,other,other
1807,other,other
1808,other,other
1809,other,other
1810,other,other
1811,other,other
1812,other,other
1813,other,other
1814,other,other
1815,other,other
1816,other,other
1817,other,other
1818,other,other
1819,other,other
1820,other,other
1821,other,other
1822,other,other
1823,other,other
1824,other,other
1825,other,other
1826,other,other
1827,other,other
1828,other,other
1829,other,other
1830,other,other
1831,other,other
1832,"Adhfe1+,Crym+,Ifitm3+","Adhfe1+,Crym+,Ifitm3+"
1833,other,other
1834,other,other
1835,blood,blood
1836,other,other
1837,other,other
1838,other,other
1839,other,other
1840,other,other
1841,other,other
1842,other,other
1843,other,other
1844,other,other
1845,other,other
1846,other,other
1847,other,other
1848,other,other
1849,other,other
1850,other,other
1851,other,other
1852,other,other
1853,other,other
1854,other,other
1855,other,other
1856,other,other
1857,other,other
1858,other,other
1859,other,other
1860,other,other
1861,other,other
1862,other,other
1863,other,other
1864,other,other
1865,other,other
1866,other,other
1867,other,other
1868,other,other
1869,other,other
1870,other,other
1871,other,other
1872,other,other
1873,other,other
1874,other,other
1875,other,other
1876,other,other
1877,other,other
1878,other,other
1879,"Adhfe1+,Crym+,Ifitm3+","Adhfe1+,Crym+,Ifitm3+"
1880,other,other
1881,other,other
1882,other,other
1883,other,other
1884,other,other
1885,other,other
1886,other,other
1887,other,other
1888,other,other
1889,other,other
1890,other,other
1891,other,other
1892,other,other
1893,other,other
1894,other,other
1895,other,other
1896,other,other
1897,other,other
1898,other,other
1899,other,other
1900,other,other
1901,other,other
1902,other,other
1903,other,other
1904,other,other
1905,other,other
1906,other,other
1907,other,other
1908,other,other
1909,other,other
1910,other,other
1911,other,other
1912,other,other
1913,other,other
1914,other,other
1915,other,other
1916,other,other
1917,other,other
1918,other,other
1919,other,other
1920,other,other
1921,other,other
1922,other,other
1923,other,other
1924,other,other
1925,other,other
1926,other,other
1927,other,other
1928,other,other
1929,other,other
1930,other,other
1931,other,other
1932,other,other
1933,other,other
1934,other,other
1935,other,other
1936,other,other
1937,other,other
1938,other,other
1939,other,other
1940,other,other
1941,other,other
1942,other,other
1943,other,other
1944,other,other
1945,other,other
1946,other,other
1947,other,other
1948,other,other
1949,other,other
1950,other,other
1951,other,other
1952,other,other
1953,other,other
1954,other,other
1955,other,other
1956,other,other
1957,other,other
1958,other,other
1959,other,other
1960,other,other
1961,other,other
1962,other,other
1963,other,other
1964,other,other
1965,other,other
1966,other,other
1967,other,other
1968,other,other
1969,other,other
1970,other,other
1971,other,other
1972,other,other
1973,other,other
1974,other,other
1975,other,other
1976,other,other
1977,other,other
1978,other,other
1979,other,other
1980,other,other
1981,other,other
1982,other,other
1983,other,other
1984,other,other
1985,other,other
1986,other,other
1987,other,other
1988,other,other
1989,other,other
1990,other,other
1991,other,other
1992,other,other
1993,other,other
1994,other,other
1995,other,other
1996,other,other
1997,other,other
1998,other,other
1999,other,other
2000,other,other
2001,other,other
2002,other,other
2003,other,other
2004,other,other
2005,other,other
2006,other,other
2007,other,other
2008,other,other
2009,other,other
2010,other,other
2011,other,other
2012,other,other
2013,other,other
2014,other,other
2015,other,other
2016,other,other
2017,other,other
2018,other,other
2019,other,other
2020,other,other
2021,other,other
2022,other,other
2023,other,other
2024,blood,blood
2025,other,other
2026,other,other
2027,other,other
2028,other,other
2029,other,other
2030,other,other
2031,other,other
2032,other,other
2033,other,other
2034,other,other
2035,other,other
2036,other,other
2037,other,other
2038,other,other
2039,other,other
2040,other,other
2041,other,other
2042,other,other
2043,other,other
2044,other,other
2045,other,other
2046,other,other
2047,other,other
2048,other,other
2049,other,other
2050,other,other
2051,other,other
2052,other,other
2053,other,other
2054,other,other
2055,other,other
2056,other,other
2057,other,other
2058,other,other
2059,other,other
2060,other,other
2061,other,other
2062,other,other
2063,other,other
2064,other,other
2065,other,other
2066,other,other
2067,other,other
2068,other,other
2069,other,other
2070,other,other
2071,other,other
2072,other,other
2073,other,other
2074,other,other
2075,other,other
2076,other,other
2077,other,other
2078,other,other
2079,other,other
2080,other,other
2081,other,other
2082,other,other
2083,other,other
2084,other,other
2085,other,other
2086,other,other
2087,other,other
2088,other,other
2089,other,other
2090,other,other
2091,other,other
2092,other,other
2093,other,other
2094,other,other
2095,other,other
2096,other,other
2097,other,other
2098,other,other
2099,other,other
2100,other,other
2101,other,other
2102,other,other
2103,other,other
2104,other,other
2105,other,other
2106,other,other
2107,other,other
2108,other,other
2109,other,other
2110,other,other
2111,other,other
2112,other,other
2113,other,other
2114,other,other
2115,other,other
2116,other,other
2117,other,other
2118,other,other
2119,other,other
2120,other,other
2121,other,other
2122,other,other
2123,other,other
2124,other,other
2125,other,other
2126,other,other
2127,other,other
2128,other,other
2129,other,other
2130,other,other
2131,other,other
2132,other,other
2133,other,other
2134,other,other
2135,other,other
2136,other,other
2137,other,other
2138,other,other
2139,other,other
2140,other,other
2141,other,other
2142,blood,blood
2143,other,other
2144,other,other
2145,other,other
2146,other,other
2147,other,other
2148,other,other
2149,other,other
2150,other,other
2151,other,other
2152,other,other
2153,other,other
2154,other,other
2155,other,other
2156,other,other
2157,other,other
2158,other,other
2159,other,other
2160,other,other
2161,other,other
2162,other,other
2163,other,other
2164,other,other
2165,other,other
2166,other,other
2167,other,other
2168,"Adhfe1+,Crym+,Ifitm3+","Adhfe1+,Crym+,Ifitm3+"
2169,other,other
2170,blood,blood
2171,other,other
2172,other,other
2173,other,other
2174,blood,blood
2175,other,other
2176,other,other
2177,other,other
2178,other,other
2179,other,other
2180,other,other
2181,other,other
2182,other,other
2183,other,other
2184,other,other
2185,other,other
2186,other,other
2187,other,other
2188,other,other
2189,other,other
2190,other,other
2191,other,other
2192,other,other
2193,other,other
2194,other,other
2195,other,other
2196,other,other
2197,other,other
2198,other,other
2199,other,other
2200,other,other
2201,other,other
2202,other,other
2203,other,other
2204,other,other
2205,other,other
2206,other,other
2207,other,other
2208,other,other
2209,other,other
2210,other,other
2211,other,other
2212,other,other
2213,other,other
2214,other,other
2215,other,other
2216,other,other
2217,other,other
2218,"Adhfe1+,Crym+,Ifitm3+","Adhfe1+,Crym+,Ifitm3+"
2219,other,other
2220,other,other
2221,other,other
2222,other,other
2223,other,other
2224,other,other
2225,other,other
2226,other,other
2227,other,other
2228,other,other
2229,other,other
2230,other,other
2231,other,other
2232,other,other
2233,other,other
2234,other,other
2235,other,other
2236,other,other
2237,other,other
2238,other,other
2239,other,other
2240,other,other
2241,other,other
2242,other,other
2243,other,other
2244,other,other
2245,other,other
2246,other,other
2247,blood,blood
2248,other,other
2249,other,other
2250,other,other
2251,other,other
2252,other,other
2253,other,other
2254,other,other
2255,other,other
2256,other,other
2257,other,other
2258,other,other
2259,blood,blood
2260,other,other
2261,other,other
2262,other,other
2263,other,other
2264,other,other
2265,other,other
2266,other,other
2267,other,other
2268,blood,blood
2269,other,other
2270,other,other
2271,other,other
2272,other,other
2273,other,other
2274,other,other
2275,other,other
2276,other,other
2277,other,other
2278,other,other
2279,other,other
2280,other,other
2281,other,other
2282,other,other
2283,other,other
2284,other,other
2285,other,other
2286,other,other
2287,other,other
2288,other,other
2289,other,other
2290,other,other
2291,other,other
2292,other,other
2293,other,other
2294,other,other
2295,other,other
2296,other,other
2297,blood,blood
2298,other,other
2299,other,other
2300,"Adhfe1+,Crym+,Ifitm3+","Adhfe1+,Crym+,Ifitm3+"
2301,other,other
2302,other,other
2303,other,other
2304,other,other
2305,other,other
2306,other,other
2307,other,other
2308,other,other
2309,other,other
2310,other,other
2311,other,other
2312,other,other
2313,other,other
2314,other,other
2315,other,other
2316,other,other
2317,other,other
2318,other,other
2319,other,other
2320,other,other
2321,other,other
2322,other,other
2323,other,other
2324,other,other
2325,other,other
2326,other,other
2327,other,other
2328,other,other
2329,other,other
2330,other,other
2331,"Adhfe1+,Crym+,Ifitm3+","Adhfe1+,Crym+,Ifitm3+"
2332,other,other
2333,other,other
2334,other,other
2335,other,other
2336,other,other
2337,other,other
2338,other,other
2339,other,other
2340,other,other
2341,other,other
2342,other,other
2343,other,other
2344,other,other
2345,other,other
2346,other,other
2347,other,other
2348,other,other
2349,other,other
2350,other,other
2351,other,other
2352,other,other
2353,other,other
2354,other,other
2355,other,other
2356,other,other
2357,other,other
2358,other,other
2359,other,other
2360,other,other
2361,other,other
2362,other,other
2363,other,other
2364,other,other
2365,other,other
2366,other,other
2367,other,other
2368,other,other
2369,other,other
2370,other,other
2371,other,other
2372,other,other
2373,other,other
2374,blood,blood
2375,other,other
2376,other,other
2377,other,other
2378,other,other
2379,other,other
2380,other,other
2381,other,other
2382,other,other
2383,other,other
2384,other,other
2385,other,other
2386,other,other
2387,other,other
2388,other,other
2389,other,other
2390,other,other
2391,other,other
2392,other,other
2393,other,other
2394,other,other
2395,other,other
2396,other,other
2397,other,other
2398,other,other
2399,other,other
2400,other,other
2401,other,other
2402,blood,blood
2403,blood,blood
2404,other,other
2405,other,other
2406,other,other
2407,other,other
2408,other,other
2409,other,other
2410,other,other
2411,other,other
2412,other,other
2413,other,other
2414,other,other
2415,other,other
2416,other,other
2417,other,other
2418,other,other
2419,other,other
2420,other,other
2421,other,other
2422,other,other
2423,other,other
2424,other,other
2425,other,other
2426,other,other
2427,other,other
2428,other,other
2429,other,other
2430,other,other
2431,other,other
2432,other,other
2433,other,other
2434,other,other
2435,other,other
2436,other,other
2437,other,other
2438,other,other
2439,other,other
2440,other,other
2441,other,other
2442,other,other
2443,other,other
2444,other,other
2445,other,other
2446,other,other
2447,other,other
2448,other,other
2449,other,other
2450,other,other
2451,other,other
2452,other,other
2453,other,other
2454,other,other
2455,other,other
2456,other,other
2457,other,other
2458,other,other
2459,other,other
2460,other,other
2461,other,other
2462,other,other
2463,other,other
2464,other,other
2465,other,other
2466,other,other
2467,other,other
2468,other,other
2469,other,other
2470,other,other
2471,other,other
2472,other,other
2473,other,other
2474,other,other
2475,other,other
2476,other,other
2477,other,other
2478,other,other
2479,other,other
2480,other,other
2481,other,other
2482,other,other
2483,other,other
2484,other,other
2485,other,other
2486,other,other
2487,other,other
2488,other,other
2489,other,other
2490,other,other
2491,other,other
2492,other,other
2493,other,other
2494,blood,blood
2495,other,other
2496,other,other
2497,other,other
2498,other,other
2499,other,other
2500,other,other
2501,other,other
2502,other,other
2503,other,other
2504,other,other
2505,other,other
2506,other,other
2507,other,other
2508,other,other
2509,other,other
2510,other,other
2511,other,other
2512,other,other
2513,other,other
2514,other,other
2515,other,other
2516,other,other
2517,other,other
2518,other,other
2519,other,other
2520,other,other
2521,other,other
2522,other,other
2523,other,other
2524,other,other
2525,other,other
2526,other,other
2527,other,other
2528,other,other
2529,other,other
2530,other,other
2531,other,other
2532,other,other
2533,other,other
2534,other,other
2535,other,other
2536,other,other
2537,other,other
2538,other,other
2539,other,other
2540,other,other
2541,other,other
2542,other,other
2543,other,other
2544,other,other
2545,other,other
2546,other,other
2547,other,other
2548,"Adhfe1+,Crym+,Ifitm3+","Adhfe1+,Crym+,Ifitm3+"
2549,other,other
2550,blood,blood
2551,other,other
2552,other,other
2553,other,other
2554,other,other
2555,other,other
2556,other,other
2557,other,other
2558,other,other
2559,other,other
2560,other,other
2561,other,other
2562,other,other
2563,other,other
2564,other,other
2565,other,other
2566,other,other
2567,other,other
2568,other,other
2569,other,other
2570,other,other
2571,other,other
2572,other,other
2573,blood,blood
2574,other,other
2575,other,other
2576,other,other
2577,other,other
2578,other,other
2579,other,other
2580,other,other
2581,other,other
2582,other,other
2583,blood,blood
2584,other,other
2585,other,other
2586,other,other
2587,other,other
2588,other,other
2589,other,other
2590,other,other
2591,other,other
2592,other,other
2593,other,other
2594,other,other
2595,other,other
2596,other,other
2597,other,other
2598,other,other
2599,other,other
2600,other,other
2601,other,other
2602,other,other
2603,other,other
2604,other,other
2605,other,other
2606,other,other
2607,other,other
2608,other,other
2609,other,other
2610,other,other
2611,other,other
2612,other,other
2613,other,other
2614,other,other
2615,other,other
2616,other,other
2617,other,other
2618,other,other
2619,other,other
2620,other,other
2621,other,other
2622,other,other
2623,other,other
2624,other,other
2625,other,other
2626,other,other
2627,other,other
2628,other,other
2629,other,other
2630,other,other
2631,other,other
2632,other,other
2633,other,other
2634,other,other
2635,other,other
2636,other,other
2637,other,other
2638,other,other
2639,other,other
2640,other,other
2641,other,other
2642,blood,blood
2643,other,other
2644,other,other
2645,other,other
2646,other,other
2647,other,other
2648,other,other
2649,other,other
2650,other,other
2651,other,other
2652,other,other
2653,other,other
2654,other,other
2655,blood,blood
2656,other,other
2657,other,other
2658,other,other
2659,other,other
2660,other,other
2661,other,other
2662,blood,blood
2663,other,other
2664,other,other
2665,other,other
2666,other,other
2667,other,other
2668,other,other
2669,other,other
2670,other,other
2671,other,other
2672,other,other
2673,other,other
2674,other,other
2675,other,other
2676,other,other
2677,other,other
2678,other,other
2679,other,other
2680,other,other
2681,other,other
2682,other,other
2683,other,other
2684,other,other
2685,other,other
2686,other,other
2687,other,other
2688,other,other
2689,other,other
2690,other,other
2691,other,other
2692,other,other
2693,other,other
2694,blood,blood
2695,other,other
2696,other,other
2697,other,other
2698,other,other
2699,other,other
2700,other,other
2701,other,other
2702,other,other
2703,other,other
2704,other,other
2705,other,other
2706,other,other
2707,other,other
2708,other,other
2709,other,other
2710,other,other
2711,other,other
2712,other,other
2713,other,other
2714,other,other
2715,other,other
2716,other,other
2717,other,other
2718,other,other
2719,other,other
2720,other,other
2721,other,other
2722,other,other
2723,other,other
2724,other,other
2725,other,other
2726,other,other
2727,other,other
2728,other,other
2729,other,other
2730,other,other
2731,other,other
2732,other,other
2733,other,other
2734,other,other
2735,blood,blood
2736,other,other
2737,other,other
2738,other,other
2739,other,other
2740,other,other
2741,other,other
2742,other,other
2743,other,other
2744,other,other
2745,other,other
2746,other,other
2747,other,other
2748,other,other
2749,other,other
2750,other,other
2751,other,other
2752,other,other
2753,other,other
2754,other,other
2755,other,other
2756,other,other
2757,other,other
2758,other,other
2759,other,other
2760,other,other
2761,other,other
2762,other,other
2763,other,other
2764,other,other
2765,other,other
2766,other,other
2767,other,other
2768,other,other
2769,other,other
2770,other,other
2771,other,other
2772,other,other
2773,other,other
2774,other,other
2775,other,other
2776,other,other
2777,other,other
2778,other,other
2779,other,other
2780,other,other
2781,other,other
2782,other,other
2783,other,other
2784,other,other
2785,other,other
2786,other,other
2787,other,other
2788,other,other
2789,other,other
2790,other,other
2791,other,other
2792,other,other
2793,other,other
2794,other,other
2795,other,other
2796,other,other
2797,other,other
2798,other,other
2799,other,other
2800,other,other
2801,other,other
2802,other,other
2803,other,other
2804,other,other
2805,other,other
2806,other,other
2807,other,other
2808,other,other
2809,other,other
2810,other,other
2811,other,other
2812,other,other
2813,other,other
2814,other,other
2815,other,other
2816,other,other
2817,other,other
2818,other,other
2819,other,other
2820,other,other
2821,other,other
2822,other,other
2823,other,other
2824,other,other
2825,other,other
2826,blood,blood
2827,other,other
2828,other,other
2829,other,other
2830,other,other
2831,other,other
2832,other,other
2833,other,other
2834,other,other
2835,other,other
2836,other,other
2837,other,other
2838,other,other
2839,other,other
2840,other,other
2841,other,other
2842,other,other
2843,other,other
2844,other,other
2845,other,other
2846,other,other
2847,other,other
2848,other,other
2849,other,other
2850,other,other
2851,other,other
2852,other,other
2853,other,other
2854,other,other
2855,other,other
2856,other,other
2857,other,other
2858,other,other
2859,other,other
2860,other,other
2861,other,other
2862,other,other
2863,other,other
2864,other,other
2865,other,other
2866,blood,blood
2867,other,other
2868,other,other
2869,other,other
2870,other,other
2871,other,other
2872,other,other
2873,other,other
2874,other,other
2875,other,other
2876,blood,blood
2877,other,other
2878,other,other
2879,other,other
2880,other,other
2881,other,other
2882,other,other
2883,other,other
2884,other,other
2885,other,other
2886,other,other
2887,other,other
2888,other,other
2889,other,other
2890,other,other
2891,other,other
2892,other,other
2893,other,other
2894,other,other
2895,other,other
2896,other,other
2897,other,other
2898,blood,blood
2899,"Adhfe1+,Crym+,Ifitm3+","Adhfe1+,Crym+,Ifitm3+"
2900,blood,blood
2901,other,other
2902,other,other
2903,other,other
2904,other,other
2905,other,other
2906,other,other
2907,other,other
2908,other,other
2909,other,other
2910,other,other
2911,other,other
2912,other,other
2913,other,other
2914,"Adhfe1+,Crym+,Ifitm3+","Adhfe1+,Crym+,Ifitm3+"
2915,other,other
2916,other,other
2917,other,other
2918,other,other
2919,other,other
2920,other,other
2921,other,other
2922,other,other
2923,other,other
2924,other,other
2925,other,other
2926,other,other
2927,other,other
2928,other,other
2929,other,other
2930,other,other
2931,other,other
2932,other,other
2933,other,other
2934,other,other
2935,other,other
2936,other,other
2937,other,other
2938,other,other
2939,other,other
2940,other,other
2941,other,other
2942,other,other
2943,other,other
2944,other,other
2945,other,other
2946,other,other
2947,other,other
2948,other,other
2949,other,other
2950,other,other
2951,other,other
2952,other,other
2953,blood,blood
2954,other,other
2955,other,other
2956,other,other
2957,other,other
2958,other,other
2959,other,other
2960,other,other
2961,other,other
2962,other,other
2963,other,other
2964,other,other
2965,other,other
2966,other,other
2967,other,other
2968,other,other
2969,other,other
2970,other,other
2971,other,other
2972,other,other
2973,other,other
2974,other,other
2975,other,other
2976,other,other
2977,other,other
2978,other,other
2979,other,other
2980,other,other
2981,other,other
2982,other,other
2983,other,other
2984,other,other
2985,other,other
2986,other,other
2987,other,other
2988,other,other
2989,other,other
2990,other,other
2991,other,other
2992,other,other
2993,other,other
2994,other,other
2995,other,other
2996,other,other
2997,other,other
2998,other,other
2999,other,other
3000,other,other
3001,other,other
3002,other,other
3003,other,other
3004,other,other
3005,other,other
3006,other,other
3007,other,other
3008,other,other
3009,other,other
3010,other,other
3011,other,other
3012,other,other
3013,other,other
3014,other,other
3015,other,other
3016,other,other
3017,other,other
3018,other,other
3019,other,other
3020,other,other
3021,other,other
3022,other,other
3023,other,other
3024,other,other
3025,other,other
3026,other,other
3027,other,other
3028,other,other
3029,other,other
3030,other,other
3031,other,other
3032,other,other
3033,other,other
3034,other,other
3035,other,other
3036,other,other
3037,other,other
3038,other,other
3039,other,other
3040,other,other
3041,other,other
3042,other,other
3043,other,other
3044,other,other
3045,other,other
3046,other,other
3047,other,other
3048,other,other
3049,other,other
3050,other,other
3051,other,other
3052,other,other
3053,other,other
3054,other,other
3055,other,other
3056,other,other
3057,other,other
3058,other,other
3059,other,other
3060,other,other
3061,other,other
3062,other,other
3063,other,other
3064,other,other
3065,other,other
3066,other,other
3067,other,other
3068,other,other
3069,other,other
3070,other,other
3071,other,other
3072,other,other
3073,other,other
3074,other,other
3075,other,other
3076,other,other
3077,other,other
3078,other,other
3079,other,other
3080,other,other
3081,other,other
3082,other,other
3083,other,other
3084,other,other
3085,other,other
3086,blood,blood
3087,other,other
3088,other,other
3089,other,other
3090,other,other
3091,other,other
3092,"Adhfe1+,Crym+,Ifitm3+","Adhfe1+,Crym+,Ifitm3+"
3093,other,other
3094,other,other
3095,other,other
3096,other,other
3097,other,other
3098,other,other
3099,other,other
3100,other,other
3101,other,other
3102,other,other
3103,other,other
3104,other,other
3105,other,other
3106,other,other
3107,other,other
3108,other,other
3109,other,other
3110,other,other
3111,other,other
3112,blood,blood
3113,other,other
3114,other,other
3115,other,other
3116,other,other
3117,other,other
3118,other,other
3119,other,other
3120,other,other
3121,other,other
3122,other,other
3123,other,other
3124,other,other
3125,other,other
3126,other,other
3127,other,other
3128,other,other
3129,other,other
3130,other,other
3131,other,other
3132,other,other
3133,other,other
3134,other,other
3135,other,other
3136,other,other
3137,other,other
3138,other,other
3139,other,other
3140,other,other
3141,other,other
3142,other,other
3143,other,other
3144,other,other
3145,other,other
3146,other,other
3147,other,other
3148,other,other
3149,other,other
3150,other,other
3151,blood,blood
3152,other,other
3153,other,other
3154,other,other
3155,other,other
3156,other,other
3157,other,other
3158,other,other
3159,other,other
3160,other,other
3161,other,other
3162,other,other
3163,other,other
3164,other,other
3165,other,other
3166,other,other
3167,other,other
3168,other,other
3169,other,other
3170,other,other
3171,other,other
3172,other,other
3173,other,other
3174,other,other
3175,other,other
3176,other,other
3177,other,other
3178,other,other
3179,other,other
3180,other,other
3181,other,other
3182,other,other
3183,blood,blood
3184,other,other
3185,blood,blood
3186,other,other
3187,other,other
3188,other,other
3189,other,other
3190,other,other
3191,other,other
3192,other,other
3193,other,other
3194,other,other
3195,other,other
3196,other,other
3197,other,other
3198,other,other
3199,other,other
3200,other,other
3201,other,other
3202,other,other
3203,other,other
3204,other,other
3205,other,other
3206,other,other
3207,other,other
3208,other,other
3209,other,other
3210,other,other
3211,other,other
3212,other,other
3213,other,other
3214,other,other
3215,other,other
3216,other,other
3217,other,other
3218,other,other
3219,other,other
3220,other,other
3221,other,other
3222,other,other
3223,other,other
3224,other,other
3225,other,other
3226,other,other
3227,other,other
3228,other,other
3229,other,other
3230,other,other
3231,other,other
3232,other,other
3233,other,other
3234,other,other
3235,other,other
3236,other,other
3237,other,other
3238,other,other
3239,other,other
3240,other,other
3241,other,other
3242,other,other
3243,other,other
3244,other,other
3245,other,other
3246,other,other
3247,other,other
3248,other,other
3249,other,other
3250,other,other
3251,other,other
3252,other,other
3253,other,other
3254,other,other
3255,other,other
3256,other,other
3257,other,other
3258,other,other
3259,other,other
3260,other,other
3261,other,other
3262,other,other
3263,other,other
3264,other,other
3265,other,other
3266,other,other
3267,other,other
3268,other,other
3269,other,other
3270,other,other
3271,other,other
3272,other,other
3273,other,other
3274,other,other
3275,other,other
3276,other,other
3277,other,other
3278,other,other
3279,other,other
3280,other,other
3281,other,other
3282,other,other
3283,other,other
3284,other,other
3285,other,other
3286,other,other
3287,other,other
3288,other,other
3289,other,other
3290,other,other
3291,other,other
3292,other,other
3293,other,other
3294,other,other
3295,other,other
3296,other,other
3297,other,other
3298,other,other
3299,other,other
3300,other,other
3301,other,other
3302,other,other
3303,other,other
3304,other,other
3305,other,other
3306,other,other
3307,other,other
3308,other,other
3309,other,other
3310,other,other
3311,other,other
3312,other,other
3313,other,other
3314,other,other
3315,other,other
3316,other,other
3317,other,other
3318,other,other
3319,other,other
3320,other,other
3321,other,other
3322,other,other
3323,other,other
3324,other,other
3325,other,other
3326,other,other
3327,other,other
3328,other,other
3329,other,other
3330,other,other
3331,other,other
3332,other,other
3333,other,other
3334,other,other
3335,other,other
3336,other,other
3337,other,other
3338,other,other
3339,other,other
3340,other,other
3341,other,other
3342,blood,blood
3343,other,other
3344,other,other
3345,other,other
3346,other,other
3347,other,other
3348,other,other
3349,other,other
3350,other,other
3351,other,other
3352,other,other
3353,other,other
3354,other,other
3355,other,other
3356,other,other
3357,other,other
3358,other,other
3359,other,other
3360,other,other
3361,other,other
3362,other,other
3363,other,other
3364,other,other
3365,other,other
3366,other,other
3367,other,other
3368,other,other
3369,other,other
3370,other,other
3371,other,other
3372,other,other
3373,other,other
3374,other,other
3375,other,other
3376,other,other
3377,other,other
3378,other,other
3379,other,other
3380,other,other
3381,other,other
3382,other,other
3383,other,other
3384,other,other
3385,other,other
3386,other,other
3387,other,other
3388,other,other
3389,other,other
3390,other,other
3391,other,other
3392,other,other
3393,other,other
3394,other,other
3395,other,other
3396,other,other
3397,other,other
3398,other,other
3399,other,other
3400,other,other
3401,other,other
3402,other,other
3403,other,other
3404,other,other
3405,other,other
3406,other,other
3407,other,other
3408,other,other
3409,other,other
3410,other,other
3411,blood,blood
3412,other,other
3413,other,other
3414,other,other
3415,other,other
3416,other,other
3417,other,other
3418,other,other
3419,other,other
3420,other,other
3421,other,other
3422,other,other
3423,other,other
3424,other,other
3425,other,other
3426,other,other
3427,other,other
3428,other,other
3429,other,other
3430,other,other
3431,other,other
3432,other,other
3433,other,other
3434,other,other
3435,other,other
3436,other,other
3437,other,other
3438,other,other
3439,other,other
3440,other,other
3441,other,other
3442,other,other
3443,other,other
3444,other,other
3445,other,other
3446,other,other
3447,other,other
3448,other,other
3449,other,other
3450,other,other
3451,other,other
3452,other,other
3453,other,other
3454,other,other
3455,other,other
3456,other,other
3457,other,other
3458,other,other
3459,other,other
3460,other,other
3461,other,other
3462,other,other
3463,other,other
3464,other,other
3465,other,other
3466,other,other
3467,other,other
3468,other,other
3469,other,other
3470,other,other
3471,other,other
3472,other,other
3473,other,other
3474,other,other
3475,other,other
3476,other,other
3477,other,other
3478,other,other
3479,other,other
3480,other,other
3481,other,other
3482,other,other
3483,other,other
3484,other,other
3485,other,other
3486,other,other
3487,other,other
3488,other,other
3489,other,other
3490,other,other
3491,other,other
3492,other,other
3493,other,other
3494,other,other
3495,other,other
3496,other,other
3497,other,other
3498,other,other
3499,other,other
3500,other,other
3501,other,other
3502,other,other
3503,other,other
3504,other,other
3505,other,other
3506,other,other
3507,other,other
3508,other,other
3509,other,other
3510,other,other
3511,other,other
3512,other,other
3513,other,other
3514,other,other
3515,other,other
3516,other,other
3517,other,other
3518,other,other
3519,other,other
3520,other,other
3521,other,other
3522,other,other
3523,blood,blood
3524,other,other
3525,other,other
3526,other,other
3527,other,other
3528,other,other
3529,other,other
3530,other,other
3531,other,other
3532,other,other
3533,other,other
3534,other,other
3535,other,other
3536,other,other
3537,other,other
3538,other,other
3539,other,other
3540,other,other
3541,other,other
3542,other,other
3543,other,other
3544,other,other
3545,other,other
3546,other,other
3547,other,other
3548,other,other
3549,other,other
3550,other,other
3551,other,other
3552,other,other
3553,other,other
3554,other,other
3555,other,other
3556,other,other
3557,other,other
3558,other,other
3559,other,other
3560,other,other
3561,other,other
3562,other,other
3563,other,other
3564,other,other
3565,other,other
3566,other,other
3567,other,other
3568,other,other
3569,other,other
3570,other,other
3571,other,other
3572,other,other
3573,other,other
3574,other,other
3575,other,other
3576,other,other
3577,other,other
3578,other,other
3579,other,other
3580,other,other
3581,other,other
3582,other,other
3583,blood,blood
3584,other,other
3585,other,other
3586,other,other
3587,other,other
3588,other,other
3589,other,other
3590,other,other
3591,other,other
3592,blood,blood
3593,other,other
3594,other,other
3595,blood,blood
3596,other,other
3597,other,other
3598,other,other
3599,"Adhfe1+,Crym+,Ifitm3+","Adhfe1+,Crym+,Ifitm3+"
3600,other,other
3601,other,other
3602,other,other
3603,other,other
3604,other,other
3605,other,other
3606,other,other
3607,other,other
3608,other,other
3609,other,other
3610,other,other
3611,other,other
3612,other,other
3613,other,other
3614,other,other
3615,other,other
3616,other,other
3617,other,other
3618,other,other
3619,other,other
3620,other,other
3621,other,other
3622,other,other
3623,other,other
3624,other,other
3625,other,other
3626,other,other
3627,other,other
3628,other,other
3629,other,other
3630,other,other
3631,other,other
3632,other,other
3633,other,other
3634,blood,blood
3635,other,other
3636,other,other
3637,other,other
3638,other,other
3639,other,other
3640,other,other
3641,other,other
3642,other,other
3643,other,other
3644,other,other
3645,other,other
3646,other,other
3647,other,other
3648,other,other
3649,other,other
3650,other,other
3651,other,other
3652,other,other
3653,other,other
3654,other,other
3655,other,other
3656,other,other
3657,other,other
3658,other,other
3659,other,other
3660,other,other
3661,other,other
3662,other,other
3663,other,other
3664,other,other
3665,other,other
3666,other,other
3667,other,other
3668,other,other
3669,other,other
3670,other,other
3671,other,other
3672,other,other
3673,other,other
3674,other,other
3675,other,other
3676,other,other
3677,other,other
3678,other,other
3679,other,other
3680,other,other
3681,other,other
3682,other,other
3683,other,other
3684,other,other
3685,other,other
3686,other,other
3687,other,other
3688,other,other
3689,other,other
3690,other,other
3691,blood,blood
3692,other,other
3693,blood,blood
3694,other,other
3695,other,other
3696,other,other
3697,other,other
3698,other,other
3699,other,other
3700,other,other
3701,other,other
3702,other,other
3703,other,other
3704,other,other
3705,other,other
3706,other,other
3707,other,other
3708,other,other
3709,other,other
3710,other,other
3711,other,other
3712,other,other
3713,other,other
3714,other,other
3715,other,other
3716,other,other
3717,other,other
3718,other,other
3719,other,other
3720,other,other
3721,other,other
3722,other,other
3723,other,other
3724,other,other
3725,other,other
3726,other,other
3727,other,other
3728,other,other
3729,other,other
3730,other,other
3731,other,other
3732,other,other
3733,other,other
3734,other,other
3735,other,other
3736,other,other
3737,other,other
3738,other,other
3739,other,other
3740,other,other
3741,other,other
3742,other,other
3743,other,other
3744,other,other
3745,other,other
3746,other,other
3747,other,other
3748,other,other
3749,other,other
3750,other,other
3751,other,other
3752,other,other
3753,other,other
3754,other,other
3755,other,other
3756,other,other
3757,other,other
3758,other,other
3759,other,other
3760,other,other
3761,other,other
3762,other,other
3763,other,other
3764,other,other
3765,other,other
3766,other,other
3767,other,other
3768,other,other
3769,other,other
3770,other,other
3771,other,other
3772,other,other
3773,other,other
3774,other,other
3775,other,other
3776,other,other
3777,other,other
3778,other,other
3779,other,other
3780,other,other
3781,other,other
3782,other,other
3783,other,other
3784,other,other
3785,other,other
3786,other,other
3787,other,other
3788,other,other
3789,other,other
3790,other,other
3791,other,other
3792,other,other
3793,other,other
3794,other,other
3795,other,other
3796,other,other
3797,other,other
3798,other,other
3799,other,other
3800,other,other
3801,other,other
3802,other,other
3803,other,other
3804,other,other
3805,other,other
3806,other,other
3807,other,other
3808,other,other
3809,other,other
3810,other,other
3811,other,other
3812,other,other
3813,other,other
3814,other,other
3815,other,other
3816,other,other
3817,other,other
3818,other,other
3819,other,other
3820,other,other
3821,other,other
3822,other,other
3823,other,other
3824,other,other
3825,other,other
3826,other,other
3827,other,other
3828,other,other
3829,other,other
3830,other,other
3831,other,other
3832,other,other
3833,other,other
3834,other,other
3835,other,other
3836,other,other
3837,other,other
3838,other,other
3839,other,other
3840,other,other
3841,other,other
3842,other,other
3843,other,other
3844,other,other
3845,other,other
3846,other,other
3847,blood,blood
3848,other,other
3849,other,other
3850,other,other
3851,other,other
3852,other,other
3853,other,other
3854,other,other
3855,other,other
3856,other,other
3857,other,other
3858,other,other
3859,other,other
3860,other,other
3861,other,other
3862,blood,blood
3863,other,other
3864,other,other
3865,other,other
3866,other,other
3867,other,other
3868,other,other
3869,other,other
3870,other,other
3871,other,other
3872,blood,blood
3873,other,other
3874,other,other
3875,other,other
3876,other,other
3877,other,other
3878,other,other
3879,other,other
3880,other,other
3881,other,other
3882,other,other
3883,other,other
3884,other,other
3885,other,other
3886,other,other
3887,other,other
3888,other,other
3889,other,other
3890,other,other
3891,other,other
3892,other,other
3893,other,other
3894,other,other
3895,other,other
3896,other,other
3897,other,other
3898,other,other
3899,other,other
3900,other,other
3901,other,other
3902,other,other
3903,other,other
3904,other,other
3905,other,other
3906,other,other
3907,other,other
3908,other,other
3909,other,other
3910,other,other
3911,other,other
3912,other,other
3913,other,other
3914,other,other
3915,other,other
3916,other,other
3917,other,other
3918,other,other
3919,other,other
3920,other,other
3921,other,other
3922,other,other
3923,other,other
3924,other,other
3925,other,other
3926,other,other
3927,other,other
3928,other,other
3929,other,other
3930,other,other
3931,other,other
3932,other,other
3933,other,other
3934,other,other
3935,other,other
3936,other,other
3937,other,other
3938,other,other
3939,other,other
3940,other,other
3941,other,other
3942,other,other
3943,other,other
3944,other,other
3945,other,other
3946,other,other
3947,other,other
3948,blood,blood
3949,other,other
3950,other,other
3951,other,other
3952,other,other
3953,other,other
3954,other,other
3955,other,other
3956,other,other
3957,other,other
3958,other,other
3959,other,other
3960,other,other
3961,other,other
3962,other,other
3963,other,other
3964,other,other
3965,other,other
3966,other,other
3967,other,other
3968,other,other
3969,other,other
3970,other,other
3971,other,other
3972,blood,blood
3973,other,other
3974,other,other
3975,other,other
3976,other,other
3977,other,other
3978,other,other
3979,other,other
3980,other,other
3981,other,other
3982,other,other
3983,other,other
3984,other,other
3985,other,other
3986,other,other
3987,other,other
3988,other,other
3989,other,other
3990,other,other
3991,other,other
3992,other,other
3993,other,other
3994,other,other
3995,other,other
3996,other,other
3997,other,other
3998,other,other
3999,other,other
4000,other,other
4001,other,other
4002,other,other
4003,other,other
4004,other,other
4005,other,other
4006,other,other
4007,other,other
4008,other,other
4009,other,other
4010,other,other
4011,other,other
4012,other,other
4013,other,other
4014,other,other
4015,other,other
4016,other,other
4017,other,other
4018,other,other
4019,other,other
4020,other,other
4021,other,other
4022,other,other
4023,other,other
4024,other,other
4025,other,other
4026,other,other
4027,other,other
4028,other,other
4029,other,other
4030,other,other
4031,other,other
4032,other,other
4033,other,other
4034,other,other
4035,other,other
4036,other,other
4037,other,other
4038,other,other
4039,other,other
4040,other,other
4041,other,other
4042,other,other
4043,other,other
4044,other,other
4045,other,other
4046,other,other
4047,other,other
4048,other,other
4049,other,other
4050,other,other
4051,other,other
4052,other,other
4053,other,other
4054,other,other
4055,blood,blood
4056,other,other
4057,other,other
4058,other,other
4059,other,other
4060,other,other
4061,other,other
4062,other,other
4063,other,other
4064,other,other
4065,other,other
4066,other,other
4067,other,other
4068,other,other
4069,other,other
4070,other,other
4071,other,other
4072,other,other
4073,other,other
4074,other,other
4075,other,other
4076,other,other
4077,other,other
4078,other,other
4079,other,other
4080,other,other
4081,other,other
4082,other,other
4083,other,other
4084,other,other
4085,other,other
4086,other,other
4087,other,other
4088,other,other
4089,other,other
4090,other,other
4091,other,other
4092,other,other
4093,other,other
4094,other,other
4095,other,other
4096,other,other
4097,other,other
4098,other,other
4099,other,other
4100,other,other
4101,other,other
4102,other,other
4103,other,other
4104,other,other
4105,other,other
4106,other,other
4107,other,other
4108,other,other
4109,other,other
4110,other,other
4111,other,other
4112,other,other
4113,other,other
4114,other,other
4115,other,other
4116,other,other
4117,other,other
4118,other,other
4119,other,other
4120,other,other
4121,other,other
4122,other,other
4123,other,other
4124,other,other
4125,other,other
4126,other,other
4127,other,other
4128,other,other
4129,other,other
4130,other,other
4131,other,other
4132,other,other
4133,other,other
4134,other,other
4135,other,other
4136,other,other
4137,other,other
4138,other,other
4139,other,other
4140,other,other
4141,other,other
4142,other,other
4143,other,other
4144,other,other
4145,other,other
4146,other,other
4147,other,other
4148,other,other
4149,other,other
4150,other,other
4151,other,other
4152,other,other
4153,other,other
4154,"Adhfe1+,Crym+,Ifitm3+","Adhfe1+,Crym+,Ifitm3+"
4155,other,other
4156,other,other
4157,other,other
4158,other,other
4159,other,other
4160,other,other
4161,other,other
4162,other,other
4163,other,other
4164,other,other
4165,other,other
4166,other,other
4167,other,other
4168,other,other
4169,other,other
4170,other,other
4171,other,other
4172,other,other
4173,other,other
4174,other,other
4175,other,other
4176,other,other
4177,other,other
4178,other,other
4179,other,other
4180,other,other
4181,other,other
4182,other,other
4183,other,other
4184,other,other
4185,other,other
4186,other,other
4187,other,other
4188,other,other
4189,other,other
4190,other,other
4191,other,other
4192,other,other
4193,other,other
4194,other,other
4195,other,other
4196,other,other
4197,other,other
4198,other,other
4199,other,other
4200,other,other
4201,other,other
4202,other,other
4203,other,other
4204,blood,blood
4205,other,other
4206,other,other
4207,other,other
4208,other,other
4209,other,other
4210,other,other
4211,other,other
4212,other,other
4213,other,other
4214,other,other
4215,other,other
4216,other,other
4217,other,other
4218,other,other
4219,other,other
4220,other,other
4221,other,other
4222,other,other
4223,other,other
4224,other,other
4225,other,other
4226,other,other
4227,other,other
4228,other,other
4229,other,other
4230,blood,blood
4231,other,other
4232,other,other
4233,other,other
4234,other,other
4235,other,other
4236,other,other
4237,other,other
4238,other,other
4239,other,other
4240,other,other
4241,other,other
4242,other,other
4243,other,other
4244,other,other
4245,other,other
4246,other,other
4247,other,other
4248,other,other
4249,other,other
4250,other,other
4251,other,other
4252,other,other
4253,other,other
4254,other,other
4255,other,other
4256,other,other
4257,other,other
4258,other,other
4259,other,other
4260,other,other
4261,other,other
4262,other,other
4263,other,other
4264,other,other
4265,other,other
4266,other,other
4267,other,other
4268,other,other
4269,other,other
4270,other,other
4271,other,other
4272,other,other
4273,other,other
4274,other,other
4275,other,other
4276,other,other
4277,other,other
4278,other,other
4279,other,other
4280,other,other
4281,other,other
4282,other,other
4283,other,other
4284,other,other
4285,other,other
4286,other,other
4287,other,other
4288,other,other
4289,other,other
4290,other,other
4291,other,other
4292,other,other
4293,other,other
4294,other,other
4295,other,other
4296,other,other
4297,other,other
4298,other,other
4299,other,other
4300,other,other
4301,other,other
4302,other,other
4303,other,other
4304,other,other
4305,other,other
4306,other,other
4307,other,other
4308,other,other
4309,other,other
4310,other,other
4311,other,other
4312,other,other
4313,other,other
4314,other,other
4315,other,other
4316,other,other
4317,other,other
4318,other,other
4319,other,other
4320,other,other
4321,other,other
4322,other,other
4323,other,other
4324,other,other
4325,other,other
4326,other,other
4327,other,other
4328,other,other
4329,other,other
4330,other,other
4331,other,other
4332,other,other
4333,other,other
4334,other,other
4335,other,other
4336,other,other
4337,other,other
4338,other,other
4339,other,other
4340,other,other
4341,other,other
4342,other,other
4343,other,other
4344,other,other
4345,other,other
4346,other,other
4347,other,other
4348,other,other
4349,other,other
4350,other,other
4351,other,other
4352,other,other
4353,other,other
4354,other,other
4355,other,other
4356,other,other
4357,other,other
4358,other,other
4359,"Adhfe1+,Crym+,Ifitm3+","Adhfe1+,Crym+,Ifitm3+"
4360,other,other
4361,other,other
4362,other,other
4363,other,other
4364,other,other
4365,other,other
4366,other,other
4367,other,other
4368,other,other
4369,other,other
4370,other,other
4371,other,other
4372,other,other
4373,other,other
4374,other,other
4375,other,other
4376,other,other
4377,other,other
4378,other,other
4379,other,other
4380,other,other
4381,other,other
4382,other,other
4383,other,other
4384,other,other
4385,other,other
4386,other,other
4387,other,other
4388,other,other
4389,other,other
4390,blood,blood
4391,other,other
4392,other,other
4393,other,other
4394,other,other
4395,other,other
4396,other,other
4397,other,other
4398,other,other
4399,other,other
4400,other,other
4401,other,other
4402,other,other
4403,other,other
4404,other,other
4405,other,other
4406,other,other
4407,other,other
4408,other,other
4409,other,other
4410,"Adhfe1+,Crym+,Ifitm3+","Adhfe1+,Crym+,Ifitm3+"
4411,other,other
4412,other,other
4413,other,other
4414,other,other
4415,other,other
4416,other,other
4417,other,other
4418,other,other
4419,other,other
4420,other,other
4421,other,other
4422,other,other
4423,other,other
4424,other,other
4425,other,other
4426,other,other
4427,other,other
4428,other,other
4429,other,other
4430,other,other
4431,other,other
4432,other,other
4433,other,other
4434,other,other
4435,other,other
4436,other,other
4437,other,other
4438,other,other
4439,other,other
4440,other,other
4441,other,other
4442,other,other
4443,other,other
4444,other,other
4445,other,other
4446,other,other
4447,other,other
4448,other,other
4449,other,other
4450,other,other
4451,other,other
4452,other,other
4453,other,other
4454,other,other
4455,other,other
4456,other,other
4457,other,other
4458,other,other
4459,"Adhfe1+,Crym+,Ifitm3+","Adhfe1+,Crym+,Ifitm3+"
4460,other,other
4461,other,other
4462,other,other
4463,other,other
4464,other,other
4465,blood,blood
4466,other,other
4467,other,other
4468,other,other
4469,other,other
4470,other,other
4471,other,other
4472,other,other
4473,other,other
4474,other,other
4475,other,other
4476,other,other
4477,other,other
4478,other,other
4479,other,other
4480,other,other
4481,other,other
4482,other,other
4483,other,other
4484,other,other
4485,other,other
4486,other,other
4487,other,other
4488,other,other
4489,other,other
4490,other,other
4491,other,other
4492,other,other
4493,other,other
4494,other,other
4495,other,other
4496,other,other
4497,other,other
4498,other,other
4499,other,other
4500,other,other
4501,other,other
4502,other,other
4503,other,other
4504,other,other
4505,other,other
4506,other,other
4507,other,other
4508,other,other
4509,other,other
4510,blood,blood
4511,other,other
4512,other,other
4513,other,other
4514,other,other
4515,other,other
4516,other,other
4517,other,other
4518,other,other
4519,other,other
4520,other,other
4521,other,other
4522,other,other
4523,other,other
4524,other,other
4525,other,other
4526,other,other
4527,other,other
4528,other,other
4529,other,other
4530,other,other
4531,other,other
4532,other,other
4533,blood,blood
4534,other,other
4535,other,other
4536,other,other
4537,other,other
4538,other,other
4539,"Adhfe1+,Crym+,Ifitm3+","Adhfe1+,Crym+,Ifitm3+"
4540,other,other
4541,other,other
4542,other,other
4543,other,other
4544,other,other
4545,other,other
4546,other,other
4547,other,other
4548,other,other
4549,other,other
4550,other,other
4551,other,other
4552,other,other
4553,other,other
4554,other,other
4555,other,other
4556,other,other
4557,other,other
4558,other,other
4559,other,other
4560,other,other
4561,other,other
4562,other,other
4563,other,other
4564,other,other
4565,other,other
4566,other,other
4567,other,other
4568,other,other
4569,other,other
4570,other,other
4571,other,other
4572,other,other
4573,other,other
4574,other,other
4575,other,other
4576,other,other
4577,other,other
4578,other,other
4579,other,other
4580,other,other
4581,other,other
4582,other,other
4583,other,other
4584,other,other
4585,other,other
4586,other,other
4587,other,other
4588,other,other
4589,other,other
4590,other,other
4591,other,other
4592,other,other
4593,other,other
4594,other,other
4595,other,other
4596,other,other
4597,other,other
4598,other,other
4599,other,other
4600,other,other
4601,other,other
4602,other,other
4603,other,other
4604,other,other
4605,other,other
4606,other,other
4607,other,other
4608,other,other
4609,other,other
4610,other,other
4611,other,other
4612,other,other
4613,other,other
4614,other,other
4615,other,other
4616,other,other
4617,other,other
4618,other,other
4619,other,other
4620,other,other
4621,other,other
4622,other,other
4623,other,other
4624,other,other
4625,other,other
4626,other,other
4627,other,other
4628,other,other
4629,other,other
4630,other,other
4631,other,other
4632,other,other
4633,other,other
4634,other,other
4635,other,other
4636,other,other
4637,other,other
4638,other,other
4639,other,other
4640,other,other
4641,other,other
4642,other,other
4643,other,other
4644,other,other
4645,other,other
4646,other,other
4647,other,other
4648,other,other
4649,other,other
4650,other,other
4651,other,other
4652,other,other
4653,other,other
4654,other,other
4655,other,other
4656,other,other
4657,other,other
4658,other,other
4659,other,other
4660,other,other
4661,other,other
4662,other,other
4663,other,other
4664,other,other
4665,other,other
4666,other,other
4667,other,other
4668,other,other
4669,other,other
4670,other,other
4671,other,other
4672,other,other
4673,other,other
4674,other,other
4675,other,other
4676,other,other
4677,other,other
4678,other,other
4679,other,other
4680,other,other
4681,other,other
4682,other,other
4683,other,other
4684,other,other
4685,other,other
4686,other,other
4687,other,other
4688,other,other
4689,other,other
4690,other,other
4691,other,other
4692,other,other
4693,other,other
4694,other,other
4695,blood,blood
4696,other,other
4697,other,other
4698,other,other
4699,other,other
4700,other,other
4701,other,other
4702,other,other
4703,other,other
4704,other,other
4705,other,other
4706,other,other
4707,other,other
4708,other,other
4709,other,other
4710,other,other
4711,other,other
4712,other,other
4713,other,other
4714,other,other
4715,other,other
4716,other,other
4717,other,other
4718,other,other
4719,blood,blood
4720,other,other
4721,other,other
4722,other,other
4723,other,other
4724,other,other
4725,other,other
4726,other,other
4727,other,other
4728,other,other
4729,other,other
4730,other,other
4731,other,other
4732,other,other
4733,other,other
4734,other,other
4735,other,other
4736,other,other
4737,other,other
4738,other,other
4739,other,other
4740,other,other
4741,other,other
4742,other,other
4743,other,other
4744,other,other
4745,other,other
4746,other,other
4747,other,other
4748,other,other
4749,other,other
4750,other,other
4751,other,other
4752,other,other
4753,other,other
4754,other,other
4755,other,other
4756,other,other
4757,other,other
4758,other,other
4759,other,other
4760,other,other
4761,other,other
4762,other,other
4763,other,other
4764,other,other
4765,other,other
4766,other,other
4767,other,other
4768,other,other
4769,other,other
4770,other,other
4771,other,other
4772,other,other
4773,other,other
4774,other,other
4775,other,other
4776,other,other
4777,other,other
4778,other,other
4779,other,other
4780,other,other
4781,other,other
4782,other,other
4783,other,other
4784,other,other
4785,other,other
4786,other,other
4787,other,other
4788,other,other
4789,other,other
4790,"Adhfe1+,Crym+,Ifitm3+","Adhfe1+,Crym+,Ifitm3+"
4791,other,other
4792,other,other
4793,other,other
4794,other,other
4795,other,other
4796,other,other
4797,other,other
4798,other,other
4799,other,other
4800,other,other
4801,other,other
4802,other,other
4803,other,other
4804,other,other
4805,other,other
4806,other,other
4807,other,other
4808,other,other
4809,other,other
4810,other,other
4811,other,other
4812,other,other
4813,other,other
4814,other,other
4815,other,other
4816,other,other
4817,other,other
4818,other,other
4819,other,other
4820,other,other
4821,other,other
4822,other,other
4823,other,other
4824,other,other
4825,other,other
4826,other,other
4827,other,other
4828,other,other
4829,other,other
4830,other,other
4831,other,other
4832,other,other
4833,other,other
4834,other,other
4835,other,other
4836,other,other
4837,other,other
4838,other,other
4839,other,other
4840,other,other
4841,other,other
4842,other,other
4843,other,other
4844,other,other
4845,other,other
4846,other,other
4847,other,other
4848,other,other
4849,other,other
4850,other,other
4851,other,other
4852,other,other
4853,other,other
4854,other,other
4855,other,other
4856,other,other
4857,other,other
4858,other,other
4859,other,other
4860,other,other
4861,other,other
4862,other,other
4863,other,other
4864,other,other
4865,other,other
4866,other,other
4867,other,other
4868,other,other
4869,other,other
4870,other,other
4871,other,other
4872,other,other
4873,other,other
4874,other,other
4875,other,other
4876,other,other
4877,other,other
4878,other,other
4879,other,other
4880,other,other
4881,other,other
4882,other,other
4883,other,other
4884,other,other
4885,other,other
4886,other,other
4887,other,other
4888,other,other
4889,other,other
4890,other,other
4891,other,other
4892,other,other
4893,other,other
4894,other,other
4895,other,other
4896,other,other
4897,other,other
4898,other,other
4899,other,other
4900,other,other
4901,other,other
4902,other,other
4903,other,other
4904,other,other
4905,other,other
4906,other,other
4907,other,other
4908,other,other
4909,other,other
4910,other,other
4911,other,other
4912,other,other
4913,other,other
4914,other,other
4915,other,other
4916,other,other
4917,other,other
4918,other,other
4919,"Adhfe1+,Crym+,Ifitm3+","Adhfe1+,Crym+,Ifitm3+"
4920,other,other
4921,other,other
4922,other,other
4923,other,other
4924,other,other
4925,other,other
4926,other,other
4927,other,other
4928,other,other
4929,other,other
4930,other,other
4931,other,other
4932,other,other
4933,other,other
4934,other,other
4935,other,other
4936,other,other
4937,other,other
4938,other,other
4939,other,other
4940,other,other
4941,other,other
4942,other,other
4943,other,other
4944,other,other
4945,other,other
4946,other,other
4947,other,other
4948,other,other
4949,other,other
4950,other,other
4951,other,other
4952,other,other
4953,other,other
4954,other,other
4955,other,other
4956,other,other
4957,other,other
4958,other,other
4959,other,other
4960,other,other
4961,other,other
4962,other,other
4963,other,other
4964,other,other
4965,other,other
4966,other,other
4967,other,other
4968,other,other
4969,other,other
4970,other,other
4971,other,other
4972,other,other
4973,other,other
4974,other,other
4975,other,other
4976,other,other
4977,other,other
4978,other,other
4979,other,other
4980,other,other
4981,other,other
4982,other,other
4983,other,other
4984,other,other
4985,other,other
4986,other,other
4987,other,other
4988,other,other
4989,other,other
4990,other,other
4991,other,other
4992,other,other
4993,other,other
4994,other,other
4995,other,other
4996,other,other
4997,other,other
4998,other,other
4999,other,other
